,Open,High,Low,Close,Volume
2015-03-23,239.26,239.99,235.8,238.65,791857
2015-03-24,237.46,238.6,231.25,231.34,646404
2015-03-25,231.35,232.09,227.69,228.86,628386
2015-03-26,226.31,228.92,225.02,227.86,555634
2015-03-27,226.57,230.6,226.57,229.725,518078
2015-03-30,230.82,234.52,229.31,234.22,647072
2015-03-31,232.74,236.54,231.4601,232.85,913240
2015-04-01,233.31,233.95,230.61,233.59,611292
2015-04-02,233.29,236.71,230.96,235.6,470712
2015-04-06,233.33,236.54,231.9201,235.15,306989
2015-04-07,235.61,237.2,234.18,234.29,301786
2015-04-08,235.11,239.67,233.72,239.09,637696
2015-04-09,238.96,240.3,238.66,240.06,440093
2015-04-10,240.06,241.24,236.48,239.65,524697
2015-04-13,239.76,242.32,239.46,239.77,625277
2015-04-14,239.28,242.03,237.65,241.49,503662
2015-04-15,242.33,242.95,241.03,241.19,509905
2015-04-16,240.11,242.96,240.11,241.56,569440
2015-04-17,238.26,240.83,233.19,236.14,860036
2015-04-20,238.0,240.61,236.9608,239.87,508787
2015-04-21,240.59,244.98,239.6301,243.78,779701
2015-04-22,244.88,245.5,242.88,244.78,596020
2015-04-23,244.01,248.3,242.49,246.925,587708
2015-04-24,246.65,247.6925,245.3001,246.065,504680
2015-04-27,244.99,246.41,243.32,244.85,800748
2015-04-28,244.16,247.83,243.73,246.38,731080
2015-04-29,244.45,246.98,242.77,244.8,716222
2015-04-30,255.25,262.0,249.7,255.93,1743423
2015-05-01,258.93,260.0,256.24,258.88,1149774
2015-05-04,260.3,260.3,257.8,259.13,1009045
2015-05-05,258.24,259.86,257.17,257.18,978144
2015-05-06,258.81,259.47,256.04,258.28,805838
2015-05-07,265.25,270.46,261.21,262.0,1534227
2015-05-08,264.09,269.89,262.09,267.93,862457
2015-05-11,268.28,269.798,263.25,263.42,601891
2015-05-12,261.05,261.688,258.265,259.3,945290
2015-05-13,259.61,261.56,256.9,259.68,612100
2015-05-14,260.67,262.055,258.13,261.41,409018
2015-05-15,261.62,261.62,259.585,260.4,386289
2015-05-18,260.49,264.11,259.16,262.29,327054
2015-05-19,261.97,263.98,260.98,263.68,377754
2015-05-20,269.91,270.15,266.19,269.9,1201491
2015-05-21,266.88,268.75,263.21,268.22,2051936
2015-05-22,266.74,268.13,265.57,268.0,645092
2015-05-26,265.03,267.35,263.54,266.77,578307
2015-05-27,267.7,270.04,265.045,270.01,390160
2015-05-28,269.69,270.515,267.71,269.19,590692
2015-05-29,268.03,269.36,265.645,268.07,1129408
2015-06-01,274.13,274.13,267.95,270.15,557547
2015-06-02,266.68,269.96,265.84,268.95,1008624
2015-06-03,268.32,268.95,265.64,266.14,882563
2015-06-04,264.57,266.49,262.3,263.06,917185
2015-06-05,263.04,265.0035,261.89,263.05,656270
2015-06-08,263.61,264.81,261.37,261.45,402305
2015-06-09,260.85,262.82,257.0,257.81,514367
2015-06-10,258.46,262.18,257.63,260.37,482799
2015-06-11,261.01,262.51,260.68,260.93,314006
2015-06-12,259.92,261.81,259.07,260.72,458968
2015-06-15,258.1,260.65,255.76,255.86,555905
2015-06-16,252.8,257.79,252.62,255.7,817605
2015-06-17,257.95,258.22,255.69,257.12,794974
2015-06-18,257.73,261.86,256.09,261.35,1183564
2015-06-19,261.34,263.19,260.04,262.79,2106422
2015-06-22,264.07,264.984,259.66,260.04,449040
2015-06-23,259.9,261.03,258.55,259.26,525472
2015-06-24,259.01,260.09,254.91,256.11,451629
2015-06-25,255.9,257.48,255.26,256.59,517368
2015-06-26,256.53,258.89,254.81,258.87,774986
2015-06-29,256.66,257.0,249.985,250.33,800913
2015-06-30,251.59,255.17,249.96,254.0,699560
2015-07-01,255.54,256.15,253.14,255.64,466348
2015-07-02,256.14,257.21,253.81,255.34,349549
2015-07-06,253.14,256.21,251.45,255.51,544012
2015-07-07,255.51,258.82,253.0,257.5,817543
2015-07-08,257.0,259.62,256.17,256.35,520483
2015-07-09,258.64,260.2,255.95,256.68,518358
2015-07-10,260.04,261.66,257.83,258.78,544934
2015-07-13,260.18,262.52,258.85,259.94,435262
2015-07-14,260.1,262.47,259.39,261.07,361471
2015-07-15,261.1,263.39,258.75,259.8,379244
2015-07-16,261.46,263.67,260.02,262.12,484203
2015-07-17,261.67,263.87,260.05,263.5,438615
2015-07-20,263.94,270.555,263.07,270.24,679243
2015-07-21,270.24,272.32,268.64,268.84,475207
2015-07-22,268.55,271.59,267.665,269.55,461701
2015-07-23,269.32,273.05,267.72,269.39,539076
2015-07-24,268.3,276.12,267.38,276.06,653414
2015-07-27,274.85,277.54,271.35,276.64,748819
2015-07-28,278.94,281.36,275.52,279.2,993575
2015-07-29,278.97,280.5,276.87,279.22,714226
2015-07-30,281.4,288.12,280.06,282.58,821594
2015-07-31,283.67,284.15,278.68,278.91,524564
2015-08-03,279.77,284.27,277.69,282.89,642697
2015-08-04,281.99,284.26,279.55,280.04,419905
2015-08-05,281.59,283.61,279.43,280.45,472615
2015-08-06,281.04,281.05,274.66,280.0,520781
2015-08-07,279.97,280.74,273.02,280.39,310037
2015-08-10,282.89,283.44,278.0,280.09,997348
2015-08-11,278.43,282.49,276.97,279.43,551265
2015-08-12,277.44,281.58,275.23,280.35,697394
2015-08-13,283.97,284.26,278.84,282.23,539318
2015-08-14,285.11,287.78,281.89,284.4,980085
2015-08-17,282.83,284.57,281.0901,284.51,404862
2015-08-18,284.44,287.75,283.47,287.42,405528
2015-08-19,286.13,288.5,283.975,285.59,494226
2015-08-20,284.22,284.65,279.92,279.96,568724
2015-08-21,277.16,279.79,271.31,271.31,1271921
2015-08-24,260.0,267.09,251.0001,255.53,1310879
2015-08-25,260.31,263.6689,250.86,251.11,1294221
2015-08-26,257.02,261.81,252.03,260.8,1076962
2015-08-27,262.09,268.18,261.52,266.14,704691
2015-08-28,264.71,270.0,264.49,268.78,588573
2015-08-31,267.52,270.1,265.0,269.77,4911617
2015-09-01,265.09,266.77,260.43,262.87,1298238
2015-09-02,264.99,269.98,263.62,269.95,1049085
2015-09-03,269.51,275.18,269.4072,274.44,1005966
2015-09-04,272.82,273.23,268.07,269.88,824716
2015-09-08,271.22,279.75,270.26,279.28,850037
2015-09-09,282.36,283.72,280.51,281.0,884540
2015-09-10,279.72,287.91,279.12,285.14,1220461
2015-09-11,284.57,289.62,283.16,289.62,1095955
2015-09-14,289.87,291.62,287.15,289.7,1071365
2015-09-15,290.75,291.71,288.32,290.05,784945
2015-09-16,289.51,291.16,286.4047,290.57,675088
2015-09-17,290.64,294.49,288.475,290.07,899212
2015-09-18,285.89,294.46,283.29,285.51,1469814
2015-09-21,287.52,292.46,286.21,292.02,596630
2015-09-22,285.8,289.87,285.8,288.45,622431
2015-09-23,287.45,289.81,284.58,288.89,527511
2015-09-24,287.71,289.83,279.06,279.67,841463
2015-09-25,284.17,285.44,277.6,279.3,1019780
2015-09-28,279.0,284.61,269.67,270.49,949334
2015-09-29,271.5,271.5,268.12,268.98,1202817
2015-09-30,270.45,273.89,269.13,273.4,771384
2015-10-01,274.86,276.74,271.7,276.46,828069
2015-10-02,271.98,279.67,270.0,279.58,536229
2015-10-05,281.25,285.0,279.9,283.44,636564
2015-10-06,272.96,278.0,270.07,271.55,744164
2015-10-07,273.46,273.48,263.2,265.41,1032679
2015-10-08,265.13,267.675,262.6,267.34,766569
2015-10-09,267.09,270.61,265.58,269.88,749025
2015-10-12,269.41,273.284,269.41,272.56,510251
2015-10-13,270.93,273.4,269.33,271.7,555013
2015-10-14,271.08,275.75,269.728,274.7,723960
2015-10-15,275.45,280.4,270.0001,280.1,755412
2015-10-16,281.2,286.56,276.27,286.3,569873
2015-10-19,284.97,291.27,283.96,290.71,840089
2015-10-20,290.88,293.9,289.75,293.36,646836
2015-10-21,294.73,296.69,291.89,292.28,818292
2015-10-22,292.59,296.39,292.33,294.62,1297263
2015-10-23,297.58,297.58,292.0,294.84,974045
2015-10-26,295.27,301.77,294.28,301.2,894360
2015-10-27,300.08,300.74,295.45,296.09,846641
2015-10-28,296.8,297.85,290.3701,294.59,1290815
2015-10-29,291.31,301.68,285.74,292.91,1198431
2015-10-30,293.62,298.36,291.0,296.68,690584
2015-11-02,297.77,304.73,297.33,303.58,679809
2015-11-03,302.69,303.57,297.41,299.31,609100
2015-11-04,299.34,302.32,292.92,295.99,622530
2015-11-05,295.61,297.09,291.25,295.8,485787
2015-11-06,295.42,298.0,287.0,290.37,853895
2015-11-09,291.01,293.935,287.13,292.4,869783
2015-11-10,292.38,297.7,290.56,297.54,789724
2015-11-11,299.8,301.55,296.02,296.92,589534
2015-11-12,296.22,298.16,294.62,294.74,432510
2015-11-13,294.68,296.0,290.13,291.07,659344
2015-11-16,290.09,295.54,290.0,295.39,531453
2015-11-17,293.24,302.755,291.98,299.07,877076
2015-11-18,298.96,298.96,287.51,293.09,1114150
2015-11-19,287.75,288.5,282.8,286.11,2297324
2015-11-20,286.89,298.6,286.3,298.6,1885552
2015-11-23,297.76,300.8,295.04,297.73,640594
2015-11-24,296.69,298.17,293.13,293.21,599475
2015-11-25,293.83,296.51,292.135,295.13,357249
2015-11-27,295.01,298.33,293.6,297.75,226677
2015-11-30,297.75,298.98,292.74,296.5,679457
2015-12-01,297.7,300.81,296.5,300.63,489981
2015-12-02,300.77,303.14,299.25,299.66,518827
2015-12-03,298.37,300.0,293.9,295.22,683768
2015-12-04,296.22,301.755,291.9494,301.2,838661
2015-12-07,302.41,302.41,296.6,297.58,538173
2015-12-08,295.52,301.1,295.145,298.1,690194
2015-12-09,297.69,300.65,295.37,298.24,671925
2015-12-10,297.84,299.34,293.94,295.65,700104
2015-12-11,292.59,295.24,287.3,289.94,809724
2015-12-14,290.79,298.69,290.23,293.55,1173554
2015-12-15,294.67,295.17,289.92,290.02,1006395
2015-12-16,290.88,296.57,290.12,295.49,1140923
2015-12-17,296.21,297.34,292.435,293.41,682001
2015-12-18,292.2,294.79,289.35,289.35,2004952
2015-12-21,291.07,296.13,289.22,295.74,881677
2015-12-22,295.99,298.53,292.6,296.93,583558
2015-12-23,297.93,297.93,292.85,297.35,542880
2015-12-24,296.99,298.45,295.912,297.19,206660
2015-12-28,296.56,301.55,295.29,300.91,338413
2015-12-29,305.0,305.0,301.95,304.98,416390
2015-12-30,303.44,304.825,302.2,302.69,320997
2015-12-31,302.49,304.37,299.597,302.4,404825
2016-01-04,299.75,300.6,293.25,296.08,879636
2016-01-05,297.98,304.53,294.165,303.41,1440339
2016-01-06,299.64,310.28,298.88,309.13,1147466
2016-01-07,304.73,306.7,302.25,303.29,1151912
2016-01-08,304.6,312.29,304.32,309.79,1463330
2016-01-11,311.74,318.36,309.36,312.88,1605921
2016-01-12,314.76,316.0,309.83,314.92,860584
2016-01-13,314.24,316.2,304.69,305.58,1222889
2016-01-14,306.07,315.5,297.2877,310.99,3697919
2016-01-15,305.01,309.97,299.8,303.19,1256273
2016-01-19,308.5,308.94,289.72,295.11,1831562
2016-01-20,290.84,297.25,281.85,294.36,1383640
2016-01-21,294.29,295.35,287.31,289.78,860683
2016-01-22,293.7,298.55,291.36,297.05,1268777
2016-01-25,296.26,306.31,295.78,299.93,1369679
2016-01-26,304.18,305.99,299.875,303.64,1045178
2016-01-27,304.24,307.96,297.02,299.57,1089627
2016-01-28,301.25,309.96,295.51,300.22,1032436
2016-01-29,301.33,310.83,300.01,310.57,1145292
2016-02-01,310.05,315.81,308.88,311.44,812171
2016-02-02,307.93,313.87,307.26,312.59,1013484
2016-02-03,313.5,314.875,304.34,309.54,1268060
2016-02-04,312.17,314.08,305.36,308.45,1032945
2016-02-05,306.91,307.34,288.11,288.44,1390322
2016-02-08,285.88,286.0,261.81,268.84,1850272
2016-02-09,268.69,269.99,255.45,265.05,2096993
2016-02-10,268.05,278.28,266.29,273.34,1498106
2016-02-11,265.4,279.29,265.4,275.05,978637
2016-02-12,279.54,285.17,276.56,284.88,1081554
2016-02-16,285.82,291.6789,284.44,291.3,1304615
2016-02-17,291.3,296.43,285.95,290.65,1320140
2016-02-18,288.02,293.67,286.95,290.31,1178341
2016-02-19,287.9,304.13,284.76,299.37,2164379
2016-02-22,302.17,304.83,298.17,299.83,941409
2016-02-23,298.85,299.9,290.62,292.06,969912
2016-02-24,290.59,296.61,287.69,295.01,1078448
2016-02-25,296.23,307.62,296.23,307.49,999768
2016-02-26,306.49,315.06,303.66,306.77,897731
2016-02-29,305.31,308.77,302.9501,303.69,1017152
2016-03-01,306.24,308.57,303.02,308.4,1334962
2016-03-02,307.71,308.0,299.3,304.01,1016256
2016-03-03,302.78,310.81,301.7,310.59,1113135
2016-03-04,310.59,311.44,303.5,309.72,1009112
2016-03-07,305.89,308.02,294.05,297.73,1080213
2016-03-08,295.84,303.72,295.3701,298.75,795362
2016-03-09,299.92,303.7,299.29,301.26,675148
2016-03-10,303.46,307.595,301.3,306.71,811407
2016-03-11,310.0,319.36,308.66,318.0,983607
2016-03-14,313.77,315.67,309.37,314.02,836849
2016-03-15,311.26,315.61,311.26,312.47,850764
2016-03-16,310.28,318.32,310.28,316.76,671316
2016-03-17,316.59,321.45,315.07,316.98,1008878
2016-03-18,317.5,318.29,314.2,315.76,1049166
2016-03-21,314.76,319.0,311.95,317.39,619912
2016-03-22,315.65,320.445,315.31,319.04,529078
2016-03-23,319.31,320.49,317.72,319.36,456945
2016-03-24,317.96,323.0,317.8,320.75,548031
2016-03-28,321.7,324.97,320.69,323.77,389662
2016-03-29,322.77,329.41,322.77,329.34,515300
2016-03-30,330.29,331.67,327.79,328.11,534659
2016-03-31,327.54,331.8,326.96,330.71,819299
2016-04-01,328.31,332.2,327.7101,329.94,499880
2016-04-04,331.95,334.18,330.34,333.11,515202
2016-04-05,330.0,333.21,328.24,328.64,427935
2016-04-06,328.01,329.695,326.158,327.41,735872
2016-04-07,325.6,326.95,323.12,325.81,573568
2016-04-08,328.72,329.72,322.92,325.99,554756
2016-04-11,327.96,328.0,323.46,323.99,609213
2016-04-12,326.2,326.2,321.21,322.13,663013
2016-04-13,322.4,322.4,318.41,321.55,519969
2016-04-14,320.78,322.19,318.6,320.75,357191
2016-04-15,320.5,325.32,319.64,324.1,480384
2016-04-18,323.01,326.01,322.23,325.59,303694
2016-04-19,327.21,327.88,321.68,324.86,318692
2016-04-20,325.07,326.96,322.34,325.11,464180
2016-04-21,324.23,329.32,318.07,319.89,695541
2016-04-22,320.14,322.92,316.3,322.01,395266
2016-04-25,321.54,326.85,320.16,326.82,373665
2016-04-26,326.57,333.45,325.565,330.11,652994
2016-04-27,330.05,334.57,326.25,331.82,623978
2016-04-28,330.77,334.62,327.19,328.24,472117
2016-04-29,327.17,331.84,324.685,330.35,465495
2016-05-02,331.1,333.854,329.5,333.62,394960
2016-05-03,332.45,333.49,328.26,332.89,625683
2016-05-04,330.82,337.12,330.015,334.83,1049764
2016-05-05,334.26,336.91,326.95,330.89,1011560
2016-05-06,328.81,337.79,326.56,336.96,820231
2016-05-09,336.9,343.47,335.535,341.04,529042
2016-05-10,341.93,342.975,339.5601,341.11,435294
2016-05-11,341.57,343.38,337.78,340.68,584318
2016-05-12,342.6,346.98,338.83,346.21,491779
2016-05-13,346.2,347.63,343.18,344.37,354102
2016-05-16,344.91,348.75,343.51,348.6,414108
2016-05-17,345.0,348.3,341.45,342.32,462933
2016-05-18,342.03,344.85,336.6,342.05,550839
2016-05-19,338.98,345.48,338.98,343.05,610502
2016-05-20,344.28,346.41,340.06,345.0,535366
2016-05-23,343.34,345.86,341.4,344.66,332685
2016-05-24,345.65,355.23,344.68,354.73,1005354
2016-05-25,356.74,359.12,353.44,357.73,898682
2016-05-26,358.38,363.22,356.8,363.09,756742
2016-05-27,363.1,368.69,363.1,366.56,824720
2016-05-31,368.76,368.89,361.54,362.0,1151528
2016-06-01,360.97,366.02,360.2101,365.94,643253
2016-06-02,364.94,367.82,362.94,367.53,587105
2016-06-03,367.55,368.87,362.14,364.69,593102
2016-06-06,365.0,370.24,364.87,369.29,1001821
2016-06-07,369.2,374.39,369.05,370.95,568683
2016-06-08,372.57,373.745,369.99,372.94,598763
2016-06-09,371.73,373.88,371.51,373.21,396378
2016-06-10,372.69,374.19,368.47,370.3,704115
2016-06-13,370.01,376.73,369.01,369.32,703320
2016-06-14,369.0,371.34,367.2,369.31,884710
2016-06-15,370.8,373.51,368.4175,372.1,442813
2016-06-16,369.25,378.26,369.25,377.46,830838
2016-06-17,375.65,378.31,369.225,374.58,1338104
2016-06-20,378.78,379.0,373.67,373.91,552142
2016-06-21,374.66,380.26,374.66,379.51,553784
2016-06-22,383.19,383.83,379.481,379.65,688430
2016-06-23,381.72,387.45,375.88,385.43,898594
2016-06-24,373.21,384.085,370.57,375.95,1408905
2016-06-27,374.99,375.21,367.48,371.16,845661
2016-06-28,373.31,377.58,372.07,377.03,579776
2016-06-29,379.35,386.49,379.35,386.02,614699
2016-06-30,387.02,387.93,383.15,387.73,525849
2016-07-01,387.82,390.74,384.76,386.88,397399
2016-07-05,386.0,388.38,383.71,386.14,469009
2016-07-06,384.31,388.26,379.59,387.44,627233
2016-07-07,387.34,387.83,381.8828,382.68,386179
2016-07-08,384.65,390.5,384.21,389.45,400017
2016-07-11,390.01,391.07,385.24,388.75,331503
2016-07-12,389.73,390.39,383.47,387.2,446180
2016-07-13,389.08,389.41,384.74,386.71,322009
2016-07-14,388.29,390.0,381.38,383.81,392801
2016-07-15,381.98,381.98,377.37,379.97,763186
2016-07-18,380.95,381.51,378.14,380.4,337642
2016-07-19,379.22,381.42,378.48,380.01,499883
2016-07-20,380.8,381.91,378.94,379.45,393121
2016-07-21,378.33,378.73,370.35,372.56,571948
2016-07-22,373.5,378.98,372.87,376.86,597361
2016-07-25,377.17,378.1,372.61,376.33,271226
2016-07-26,377.2,379.22,370.005,377.44,284926
2016-07-27,377.22,377.47,371.83,373.74,346429
2016-07-28,374.0,380.79,373.27,380.17,435928
2016-07-29,380.0,380.86,372.8,372.87,607446
2016-08-01,373.93,379.2899,372.95,378.97,434312
2016-08-02,379.22,380.0,371.413,373.46,541057
2016-08-03,372.24,375.69,368.63,370.34,742581
2016-08-04,372.86,374.18,366.011,371.4,893535
2016-08-05,371.95,373.725,365.24,365.5,661899
2016-08-08,364.9,365.47,361.22,364.3,713394
2016-08-09,364.15,369.91,363.67,367.23,490761
2016-08-10,367.51,370.2,365.63,367.83,320289
2016-08-11,367.51,369.275,362.75,367.75,524178
2016-08-12,366.62,370.95,365.72,369.04,342178
2016-08-15,368.76,372.72,368.495,371.33,329135
2016-08-16,370.33,371.47,366.72,367.08,398650
2016-08-17,367.88,367.88,362.67,367.0,558722
2016-08-18,366.59,369.65,363.73,363.97,488895
2016-08-19,363.52,367.49,361.43,366.31,373479
2016-08-22,367.21,368.61,364.02,366.97,376302
2016-08-23,369.03,370.0,367.05,368.14,324118
2016-08-24,367.63,369.51,363.89,364.77,495420
2016-08-25,364.6,366.785,362.53,363.98,342301
2016-08-26,364.43,368.35,362.09,364.72,599686
2016-08-29,365.92,369.9,365.165,368.34,437521
2016-08-30,368.19,369.23,364.82,368.07,472360
2016-08-31,367.72,370.91,366.97,368.65,571517
2016-09-01,368.41,369.665,365.01,366.76,452277
2016-09-02,367.43,371.81,367.43,371.46,641928
2016-09-06,374.29,378.65,371.79,377.97,870853
2016-09-07,378.05,378.92,376.29,378.2,580258
2016-09-08,377.19,379.23,372.86,373.03,780928
2016-09-09,371.47,372.51,362.57,362.78,731869
2016-09-12,363.03,367.9,362.305,366.0,716706
2016-09-13,363.01,364.92,356.51,356.91,624881
2016-09-14,356.18,359.71,354.33,355.29,488286
2016-09-15,353.96,362.53,352.51,361.79,501543
2016-09-16,359.82,361.5,356.38,358.21,1050412
2016-09-19,360.45,366.79,359.2,366.73,514187
2016-09-20,367.49,369.29,349.6,355.01,1445434
2016-09-21,355.33,357.32,348.1,356.91,1038643
2016-09-22,359.55,361.81,358.62,360.38,465347
2016-09-23,359.72,361.13,355.53,359.78,417742
2016-09-26,358.09,363.05,357.43,362.4,359338
2016-09-27,364.66,364.66,361.285,362.26,381745
2016-09-28,363.85,363.965,360.47,362.38,478201
2016-09-29,360.28,362.92,357.88,359.95,405900
2016-09-30,360.3,363.48,357.32,360.25,611349
2016-10-03,360.63,360.63,354.9901,356.19,449494
2016-10-04,357.36,357.36,351.09,353.12,527185
2016-10-05,353.13,354.685,342.28,349.03,818445
2016-10-06,348.16,354.4,345.92,353.15,510769
2016-10-07,354.14,354.99,347.97,351.09,390354
2016-10-10,352.12,358.69,351.36,356.42,491489
2016-10-11,350.06,357.69,350.06,352.8,475073
2016-10-12,353.0,360.25,351.7,359.9,449307
2016-10-13,356.95,361.99,355.705,361.9,456314
2016-10-14,363.51,366.28,360.56,361.72,286852
2016-10-17,361.48,363.995,359.07,361.15,286255
2016-10-18,362.38,368.4392,362.08,365.94,332619
2016-10-19,367.4,369.11,362.965,368.51,541023
2016-10-20,369.45,369.7995,365.53,367.98,612001
2016-10-21,365.47,371.1,364.75,369.91,345271
2016-10-24,371.99,374.26,369.16,372.11,323132
2016-10-25,370.58,374.09,367.76,373.22,405456
2016-10-26,372.79,373.95,367.36,367.91,382511
2016-10-27,368.1,369.9899,350.17,351.56,995298
2016-10-28,352.25,355.66,350.35,354.97,470622
2016-10-31,354.59,359.22,350.2408,357.28,424912
2016-11-01,357.78,357.78,347.45,347.71,891120
2016-11-02,348.05,349.72,343.22,346.17,924608
2016-11-03,347.66,347.66,338.1,338.71,1061312
2016-11-04,339.05,341.1,333.86,340.52,1570670
2016-11-07,343.81,350.73,341.72,350.14,761208
2016-11-08,351.44,358.1995,349.76,356.25,714456
2016-11-09,347.19,350.44,343.11,347.93,806276
2016-11-10,347.32,347.32,321.85,330.8,1623411
2016-11-11,330.89,334.48,324.505,325.05,855101
2016-11-14,323.56,331.0,314.55,330.2,897133
2016-11-15,331.12,343.81,330.2,336.34,1022360
2016-11-16,334.49,336.19,330.775,335.98,479712
2016-11-17,335.07,337.6,330.34,331.14,445315
2016-11-18,331.72,335.55,331.14,333.24,535257
2016-11-21,334.35,337.6,333.43,335.94,380803
2016-11-22,336.92,345.22,335.54,343.96,526558
2016-11-23,343.73,344.14,336.73,338.21,494312
2016-11-25,337.74,341.39,336.67,339.76,235573
2016-11-28,338.5,343.68,338.5,341.23,422165
2016-11-29,339.57,347.83,338.055,343.39,431992
2016-11-30,342.5,343.15,336.335,338.76,922958
2016-12-01,338.45,338.45,327.86,329.42,686354
2016-12-02,327.76,335.08,327.76,330.68,601219
2016-12-05,332.26,333.72,331.0,332.08,402770
2016-12-06,333.61,342.81,329.18,329.49,948756
2016-12-07,330.21,339.54,327.37,339.0,829113
2016-12-08,338.47,348.33,337.91,346.46,647682
2016-12-09,345.05,351.14,343.59,346.03,579061
2016-12-12,344.93,359.44,343.5511,357.22,895123
2016-12-13,357.12,369.67,357.12,361.39,794308
2016-12-14,361.25,364.3,354.07,354.59,872677
2016-12-15,355.26,356.93,348.8,349.81,963884
2016-12-16,351.25,354.97,349.06,350.0,988632
2016-12-19,351.42,355.88,349.495,354.49,501963
2016-12-20,355.17,357.45,352.64,354.74,513085
2016-12-21,355.49,356.74,349.76,350.02,596249
2016-12-22,350.96,351.76,347.99,351.04,628042
2016-12-23,352.1,358.1399,350.37,356.61,338162
2016-12-27,356.78,359.6499,355.11,356.72,294792
2016-12-28,357.22,359.55,353.43,353.86,294428
2016-12-29,353.42,358.93,351.89,357.09,372039
2016-12-30,358.15,358.34,353.48,357.41,501346
2017-01-03,357.29,360.48,355.18,358.72,411497
2017-01-04,358.53,367.3,357.1,365.91,644347
2017-01-05,366.21,370.0,363.18,369.75,492920
2017-01-06,369.94,373.09,367.89,370.49,458371
2017-01-09,370.49,375.15,368.17,373.19,568303
2017-01-10,373.51,373.51,368.01,370.03,450017
2017-01-11,369.18,374.8,368.69,371.58,547995
2017-01-12,371.42,374.75,368.8,374.15,453389
2017-01-13,373.64,377.2,372.2,374.95,260011
2017-01-17,374.77,378.91,373.295,376.13,363203
2017-01-18,377.12,378.9,375.05,376.73,353081
2017-01-19,376.73,381.96,375.33,381.15,628243
2017-01-20,381.99,383.46,380.56,383.27,397535
2017-01-23,382.64,387.4,381.41,385.35,533226
2017-01-24,386.5,389.97,384.06,389.66,401668
2017-01-25,389.31,390.52,383.135,384.43,597835
2017-01-26,383.29,387.33,382.55,384.21,507466
2017-01-27,385.26,385.52,382.0,382.96,353009
2017-01-30,381.89,386.44,380.8801,386.37,313007
2017-01-31,386.45,387.92,383.71,384.98,333620
2017-02-01,385.0,386.795,380.88,381.3,471752
2017-02-02,381.92,385.3699,380.32,383.08,338974
2017-02-03,385.39,386.4,384.09,384.82,286168
2017-02-06,385.26,385.7,381.26,381.67,380452
2017-02-07,381.87,383.55,380.32,380.64,383494
2017-02-08,381.63,384.42,380.41,383.97,466569
2017-02-09,384.43,387.13,382.52,385.8,471115
2017-02-10,386.85,387.48,384.34,386.45,334052
2017-02-13,388.3,388.3,384.81,386.69,339234
2017-02-14,386.9,386.9,380.1382,382.64,329605
2017-02-15,379.79,383.61,378.75,380.76,457244
2017-02-16,375.0,384.11,369.66,373.18,1233788
2017-02-17,373.85,378.61,371.6,374.28,606218
2017-02-21,373.04,377.0,368.6,371.34,695816
2017-02-22,371.17,373.78,369.79,373.32,509389
2017-02-23,373.33,375.0,368.57,370.85,569787
2017-02-24,371.19,379.8,369.99,379.64,593720
2017-02-27,379.87,381.26,376.84,377.24,356569
2017-02-28,377.06,380.485,375.59,376.07,433881
2017-03-01,375.98,381.2,373.44,377.99,490428
2017-03-02,378.0,378.215,372.61,372.73,603259
2017-03-03,371.18,375.81,370.88,375.69,331500
2017-03-06,371.55,378.58,371.55,377.55,365352
2017-03-07,377.58,378.36,374.021,375.24,264107
2017-03-08,375.43,375.43,361.9,363.43,781476
2017-03-09,364.0,376.49,364.0,376.01,3220355
2017-03-10,377.8,380.51,373.65,379.16,1249979
2017-03-13,381.22,385.78,379.21,380.32,1226233
2017-03-14,380.49,385.15,379.1874,381.38,817730
2017-03-15,381.67,385.48,379.14,383.78,663047
2017-03-16,383.87,384.02,376.54,378.17,743135
2017-03-17,378.51,378.805,374.78,375.64,1162607
2017-03-20,376.73,385.3525,376.1,383.57,964616
2017-03-21,385.85,391.39,382.53,383.41,833430
2017-03-22,383.61,388.43,383.16,387.47,551101
2017-03-23,386.95,392.92,385.785,388.05,718208
2017-03-24,390.66,392.43,384.08,388.09,1714621
2017-03-27,385.0,386.44,381.655,384.0,644319
2017-03-28,384.22,386.77,383.255,384.86,403418
2017-03-29,386.05,394.47,384.74,394.0,588899
2017-03-30,393.08,398.0,391.8,397.14,482773
2017-03-31,396.01,403.62,395.48,400.37,969419
2017-04-03,400.94,403.33,397.23,402.47,537819
2017-04-04,402.63,402.63,398.31,399.98,423659
2017-04-05,399.11,404.54,398.17,400.04,414153
2017-04-06,399.42,402.9899,398.52,402.18,337885
2017-04-07,402.88,404.08,401.25,401.74,424670
2017-04-10,401.49,402.5,399.07,400.93,418028
2017-04-11,400.24,401.63,397.12,399.84,450144
2017-04-12,398.84,400.53,396.94,399.76,488465
2017-04-13,400.3,402.0,398.55,399.11,366691
2017-04-17,398.96,403.02,398.96,403.01,388675
2017-04-18,402.23,404.24,401.26,402.95,285705
2017-04-19,403.25,404.62,401.14,403.96,325479
2017-04-20,404.66,407.5455,401.76,405.13,459308
2017-04-21,405.41,405.58,401.29,401.84,462762
2017-04-24,405.12,406.47,398.61,404.03,539571
2017-04-25,404.3,406.86,403.2,406.55,456749
2017-04-26,407.28,409.87,404.55,407.33,541868
2017-04-27,414.39,414.8,403.0,410.94,619481
2017-04-28,410.65,418.12,409.18,417.7,558085
2017-05-01,417.69,420.7,416.3,420.18,566181
2017-05-02,420.48,423.56,418.16,422.86,476363
2017-05-03,424.09,424.97,420.18,423.18,502476
2017-05-04,422.93,425.34,418.63,424.28,572567
2017-05-05,424.54,426.45,421.745,426.25,461073
2017-05-08,426.66,427.69,422.13,426.64,597535
2017-05-09,427.64,427.815,424.42,425.91,332422
2017-05-10,426.08,427.29,423.73,425.05,366648
2017-05-11,424.35,429.32,422.91,428.77,354598
2017-05-12,427.77,431.29,426.62,431.07,530033
2017-05-15,430.88,433.77,429.06,429.81,502299
2017-05-16,429.8,431.385,424.65,427.64,364010
2017-05-17,426.6,430.14,426.16,426.97,409142
2017-05-18,425.5,426.56,420.96,425.76,526996
2017-05-19,426.69,429.79,423.98,426.74,365260
2017-05-22,425.31,435.35,425.31,434.68,407034
2017-05-23,435.8,439.1,434.35,435.79,340407
2017-05-24,434.94,441.72,434.94,440.43,423433
2017-05-25,442.64,446.0,439.94,444.97,423103
2017-05-26,444.98,446.58,439.97,441.22,296585
2017-05-30,440.47,442.755,439.79,439.91,345328
2017-05-31,440.68,442.65,436.91,441.01,705127
2017-06-01,441.7,443.02,436.03,436.93,490396
2017-06-02,437.93,444.71,435.0046,444.32,527848
2017-06-05,442.56,445.21,440.1452,444.21,348209
2017-06-06,444.44,447.26,441.08,442.31,370917
2017-06-07,442.02,444.32,437.16,440.69,369442
2017-06-08,441.75,441.87,434.06,440.39,388120
2017-06-09,439.39,442.7,435.78,439.21,549105
2017-06-12,436.78,440.165,422.27,425.01,836525
2017-06-13,425.57,435.0,425.44,430.54,393340
2017-06-14,436.43,437.34,430.78,432.1,407657
2017-06-15,429.08,435.28,427.1,433.96,315186
2017-06-16,436.36,437.34,424.02,427.28,1702031
2017-06-19,427.86,432.639,426.65,432.22,455076
2017-06-20,433.78,435.55,430.1,433.94,443234
2017-06-21,431.9,437.0,426.78,436.49,695413
2017-06-22,436.2,442.5,433.01,440.29,584970
2017-06-23,439.79,442.62,433.79,434.07,1002923
2017-06-26,434.37,440.14,433.7,438.49,459676
2017-06-27,437.94,439.825,433.15,433.65,404454
2017-06-28,436.65,437.96,429.34,430.76,356688
2017-06-29,428.12,431.0,416.72,421.28,586315
2017-06-30,424.08,431.23,423.56,429.16,520193
2017-07-03,431.54,435.11,421.315,422.76,253337
2017-07-05,424.03,425.555,420.59,424.08,367697
2017-07-06,421.5,423.69,416.64,418.43,436338
2017-07-07,418.98,425.35,418.78,423.3,353581
2017-07-10,423.77,427.99,423.15,427.085,427427
2017-07-11,427.98,431.815,426.3,431.04,545148
2017-07-12,433.25,439.94,430.97,437.11,434807
2017-07-13,436.43,438.53,434.2301,436.24,297041
2017-07-14,437.92,443.4543,436.68,437.7,299134
2017-07-17,437.7,438.87,433.64,435.48,454211
2017-07-18,435.0,438.57,431.8579,438.28,382525
2017-07-19,438.62,444.55,434.0911,440.5,380905
2017-07-20,440.2,443.6,438.06,441.21,467284
2017-07-21,439.53,445.1975,439.53,441.44,512744
2017-07-24,441.04,442.715,438.26,441.6,267935
2017-07-25,442.53,445.345,434.56,436.96,258619
2017-07-26,438.32,442.48,436.96,440.04,324973
2017-07-27,441.97,443.96,436.19,442.87,368919
2017-07-28,441.79,448.33,441.79,447.9,353768
2017-07-31,449.14,451.29,446.44,450.73,365425
2017-08-01,452.25,455.37,450.86,453.08,451306
2017-08-02,454.08,457.46,445.73,455.47,632285
2017-08-03,459.0,459.0,442.615,449.36,816193
2017-08-04,449.45,453.54,441.82,445.58,440411
2017-08-07,445.96,450.535,443.95,444.23,474558
2017-08-08,442.81,444.89,439.1,441.53,295269
2017-08-09,441.61,448.46,440.17,447.81,356467
2017-08-10,446.66,446.92,438.54,439.48,276516
2017-08-11,440.71,441.9,437.32,438.39,327059
2017-08-14,441.39,450.3,441.39,449.49,430421
2017-08-15,445.72,449.48,445.72,448.33,278870
2017-08-16,449.66,455.74,447.66,454.79,303840
2017-08-17,454.78,458.85,451.23,451.55,366006
2017-08-18,450.96,454.29,448.3,450.0,466715
2017-08-21,447.2,451.5,447.19,450.29,300641
2017-08-22,450.55,457.04,448.93,456.29,332882
2017-08-23,455.71,462.225,455.61,461.8,559936
2017-08-24,461.93,465.89,460.64,463.53,475614
2017-08-25,465.24,468.16,463.71,466.19,428457
2017-08-28,467.68,468.86,460.96,462.91,303540
2017-08-29,462.11,467.41,460.45,466.24,329727
2017-08-30,465.77,466.79,463.43,465.67,311867
2017-08-31,467.01,470.44,465.58,468.41,456158
2017-09-01,468.24,469.879,464.19,465.96,348119
2017-09-05,464.83,465.49,456.2,463.49,731022
2017-09-06,462.85,464.5099,460.74,463.52,508998
2017-09-07,464.0,468.86,462.26,464.82,373431
2017-09-08,463.19,464.61,460.33,462.0,651629
2017-09-11,464.52,474.71,462.45,474.42,585894
2017-09-12,474.19,475.28,464.29,468.38,447888
2017-09-13,468.36,468.42,457.65,458.87,803026
2017-09-14,457.32,457.655,451.31,454.91,696451
2017-09-15,456.58,457.73,447.52,455.31,1018602
2017-09-18,456.22,457.2,449.09,450.15,787633
2017-09-19,450.45,456.99,448.95,453.04,781087
2017-09-20,453.74,456.47,447.02,449.24,1017216
2017-09-21,449.55,450.995,446.5,446.57,403942
2017-09-22,447.1,449.34,440.84,441.66,406042
2017-09-25,441.84,441.99,435.9,437.21,441707
2017-09-26,439.0,439.065,434.19,434.42,412976
2017-09-27,434.68,443.45,430.71,441.93,655060
2017-09-28,441.38,443.82,439.275,441.72,284989
2017-09-29,441.51,447.1,439.67,446.3,400700
2017-10-02,447.33,451.555,444.3,444.48,418588
2017-10-03,443.93,443.93,440.3,442.36,260081
2017-10-04,442.35,444.08,439.54,442.97,223511
2017-10-05,445.16,448.145,443.19,445.42,319311
2017-10-06,443.81,449.95,440.305,448.83,381411
2017-10-09,448.96,452.46,447.98,451.32,207818
2017-10-10,453.19,457.29,451.51,451.89,257156
2017-10-11,453.65,461.28,453.57,458.97,391779
2017-10-12,458.38,468.22,458.38,464.7,438747
2017-10-13,467.29,467.29,460.825,462.82,250232
2017-10-16,463.61,465.92,460.14,461.35,220528
2017-10-17,460.41,462.8,458.59,461.58,277964
2017-10-18,464.05,471.62,458.0,471.23,404500
2017-10-19,470.7,472.41,469.46,470.55,369089
2017-10-20,472.71,472.71,466.47,468.76,319301
2017-10-23,469.43,469.43,458.2,458.81,484395
2017-10-24,461.37,464.48,460.59,462.97,289879
2017-10-25,462.75,466.49,457.325,457.93,478259
2017-10-26,460.32,462.71,453.27,454.2,468614
2017-10-27,454.57,457.19,453.05,456.51,327238
2017-10-30,456.32,461.79,455.18,459.73,245290
2017-10-31,458.36,464.48,457.31,463.5,351360
2017-11-01,464.97,467.74,463.52,467.06,426760
2017-11-02,481.0,491.8,476.4,488.68,864566
2017-11-03,485.87,489.92,482.66,486.65,464702
2017-11-06,484.99,493.093,484.99,491.62,397390
2017-11-07,492.86,493.8,483.02,488.06,469263
2017-11-08,486.94,495.345,486.94,492.98,429240
2017-11-09,491.73,493.91,483.69,484.86,243470
2017-11-10,484.24,485.07,480.92,482.21,271249
2017-11-13,481.91,485.92,478.54,484.12,428148
2017-11-14,480.07,484.31,478.32,481.05,274403
2017-11-15,479.37,483.44,473.52,474.42,312721
2017-11-16,474.9,477.395,473.34,475.09,463455
2017-11-17,473.74,475.63,470.011,472.8,297214
2017-11-20,474.27,474.53,470.49,471.89,174125
2017-11-21,472.69,475.13,471.28,474.26,374309
2017-11-22,473.08,475.02,470.795,472.37,173513
2017-11-24,473.0,476.73,472.265,474.07,99630
2017-11-27,474.04,481.24,472.11,478.92,316294
2017-11-28,481.4,481.485,475.86,477.95,332594
2017-11-29,478.0,478.0,464.93,468.32,420168
2017-11-30,468.19,468.19,461.3,464.49,590724
2017-12-01,464.75,469.46,461.24,469.16,367982
2017-12-04,471.03,471.39,441.78,442.28,655033
2017-12-05,442.29,449.4,441.0,445.59,424319
2017-12-06,446.88,452.7284,445.53,450.24,324553
2017-12-07,450.74,458.1099,448.02,455.77,532614
2017-12-08,459.04,459.66,450.19,452.39,381615
2017-12-11,451.63,455.58,446.42,449.58,481678
2017-12-12,449.7,453.11,446.41,450.21,321990
2017-12-13,454.71,457.97,450.25,451.28,618088
2017-12-14,452.34,461.17,450.21,460.35,390151
2017-12-15,462.43,462.43,455.31,457.85,769772
2017-12-18,457.85,461.98,455.46,455.82,546300
2017-12-19,455.65,456.58,445.31,448.52,372187
2017-12-20,446.24,448.17,444.96,447.2,484943
2017-12-21,448.81,451.08,444.66,445.89,321018
2017-12-22,446.61,448.2,443.75,446.6,366070
2017-12-26,443.01,447.51,442.65,446.7,314742
2017-12-27,447.7,452.16,445.73,451.69,248618
2017-12-28,451.12,456.63,449.4,455.11,300692
2017-12-29,455.55,458.86,452.77,453.22,264660
2018-01-02,453.53,456.56,445.97,446.92,559804
2018-01-03,449.14,452.56,446.65,448.98,460017
2018-01-04,449.33,450.46,447.43,447.95,449089
2018-01-05,450.15,450.94,447.81,449.49,331565
2018-01-08,450.79,461.36,448.0,458.2,474446
2018-01-09,459.89,461.73,454.01,455.98,397379
2018-01-10,453.02,453.78,442.26,443.0,631575
2018-01-11,443.0,452.28,435.04,435.39,602151
2018-01-12,436.17,439.54,428.3,435.95,1089000
2018-01-16,436.8,452.61,436.49,448.1,831591
2018-01-17,448.87,452.49,439.16,441.9,623323
2018-01-18,440.1,444.93,436.82,437.45,773255
2018-01-19,438.78,442.07,433.48,437.89,591620
2018-01-22,438.0,439.28,433.31,436.05,700561
2018-01-23,436.19,446.21,434.57,442.0,790038
2018-01-24,442.78,445.73,438.85,441.3,603680
2018-01-25,441.46,444.78,433.0,439.17,917592
2018-01-26,435.0,442.68,432.01,441.59,1220813
2018-01-29,446.98,449.9,434.47,435.16,620648
2018-01-30,430.0,441.84,430.0,439.56,646837
2018-01-31,442.45,458.64,440.1,455.19,730378
2018-02-01,452.69,457.86,443.76,444.54,563577
2018-02-02,442.0,446.26,435.52,437.35,529966
2018-02-05,436.98,441.84,427.0,429.81,493018
2018-02-06,427.31,434.04,421.21,430.85,697783
2018-02-07,430.0,438.05,425.8,426.08,421448
2018-02-08,427.57,430.0,409.94,409.98,848411
2018-02-09,412.0,430.01,409.48,425.81,993716
2018-02-12,428.61,438.17,416.16,431.45,875277
2018-02-13,431.69,437.83,426.01,436.25,866067
2018-02-14,434.3,436.88,428.93,435.83,864776
2018-02-15,418.27,420.0,401.0,407.31,2770234
2018-02-16,405.29,408.68,396.29,403.3,1313728
2018-02-20,400.75,405.96,396.12,396.44,793345
2018-02-21,395.01,396.04,384.59,384.92,1192493
2018-02-22,388.85,393.54,384.22,390.45,856445
2018-02-23,390.14,402.5,390.14,394.84,1029430
2018-02-26,396.68,397.42,391.04,394.18,452708
2018-02-27,394.87,396.65,389.46,391.21,512699
2018-02-28,396.58,398.45,391.28,392.1,592631
2018-03-01,393.01,394.68,385.48,386.29,549060
2018-03-02,385.66,387.02,374.91,381.82,808043
2018-03-05,370.79,391.0,370.79,388.51,426608
2018-03-06,387.9,395.02,386.96,391.62,432578
2018-03-07,390.15,394.16,389.78,391.38,649384
2018-03-08,393.06,393.06,387.37,389.42,542990
2018-03-09,391.3,395.38,388.86,395.16,455301
2018-03-12,397.49,399.89,394.88,395.35,1025596
2018-03-13,397.39,405.96,397.34,405.42,799834
2018-03-14,404.9,416.44,404.15,413.71,908594
2018-03-15,412.58,415.68,410.72,415.23,706788
2018-03-16,417.33,421.0,413.75,419.89,1056853
2018-03-19,415.34,418.17,409.12,411.71,942956
2018-03-20,411.32,415.96,411.32,415.26,419422
2018-03-21,415.74,415.98,407.69,411.84,559147
2018-03-22,410.86,420.85,407.82,417.58,1023078
2018-03-23,417.74,419.11,401.0,401.68,829950
2018-03-26,405.84,410.27,404.37,409.61,447177
2018-03-27,410.76,417.25,404.0,409.88,505943
2018-03-28,411.4,418.44,410.95,417.02,590493
2018-03-29,420.09,421.59,414.8,418.14,628824
2018-04-02,419.12,419.81,403.7,408.55,627355
2018-04-03,409.11,412.43,404.98,408.6,467491
2018-04-04,406.19,413.18,404.18,411.99,497914
2018-04-05,412.61,414.61,409.01,413.59,386004
2018-04-06,411.85,416.23,404.44,407.04,518876
2018-04-09,410.09,417.88,408.05,409.57,535653
2018-04-10,412.34,415.18,402.67,405.59,607414
2018-04-11,403.24,411.87,401.66,408.98,465630
2018-04-12,410.26,410.6,400.74,401.2,358743
2018-04-13,402.04,404.9,399.92,401.45,345843
2018-04-16,402.82,406.63,401.01,405.52,396676
2018-04-17,406.05,413.32,403.08,409.76,579242
2018-04-18,411.53,415.0,409.17,414.18,483379
2018-04-19,412.52,412.52,406.0,409.37,382344
2018-04-20,411.2,414.28,405.11,406.06,411177
2018-04-23,406.61,408.84,405.13,407.58,568473
2018-04-24,409.0,410.72,407.33,409.53,615949
2018-04-25,408.59,411.38,406.17,410.21,460362
2018-04-26,412.97,418.53,409.95,416.08,364749
2018-04-27,416.26,422.19,415.0,421.15,485837
2018-04-30,422.47,423.4,419.05,420.79,538460
2018-05-01,420.79,424.87,417.89,423.03,450184
2018-05-02,422.16,433.26,420.26,424.09,1047389
2018-05-03,417.0,423.0,393.12,398.13,1441011
2018-05-04,396.2,405.77,396.2,403.88,548679
2018-05-07,404.09,405.45,392.21,394.16,705405
2018-05-08,392.48,393.92,384.45,388.34,978522
2018-05-09,389.26,390.29,386.14,388.17,483982
2018-05-10,390.22,398.95,389.52,398.66,390264
2018-05-11,400.0,406.02,398.18,401.89,431850
2018-05-14,400.45,402.61,396.84,397.95,274674
2018-05-15,394.47,395.8,386.61,388.32,553475
2018-05-16,388.96,394.01,384.56,385.76,425339
2018-05-17,386.02,387.68,380.16,381.93,426643
2018-05-18,382.0,389.67,381.95,385.86,634226
2018-05-21,387.24,388.93,384.91,388.75,482765
2018-05-22,387.85,388.29,382.26,383.19,413653
2018-05-23,381.96,385.0,379.66,384.42,552952
2018-05-24,391.57,392.0,385.18,387.0,610365
2018-05-25,386.45,391.37,384.73,388.05,365354
2018-05-29,388.65,396.64,385.57,396.1,589484
2018-05-30,393.85,403.32,393.85,401.29,603626
2018-05-31,396.25,403.15,394.01,396.85,901470
2018-06-01,397.19,400.47,395.24,399.21,670350
2018-06-04,398.53,401.68,395.9,400.94,403736
2018-06-05,401.41,403.0,394.91,395.57,518106
2018-06-06,395.64,397.77,390.74,395.51,418438
2018-06-07,395.43,398.66,393.4,397.42,390240
2018-06-08,396.0,403.8,395.17,403.35,439477
2018-06-11,403.09,407.73,402.54,404.23,521884
2018-06-12,404.26,407.66,401.79,405.33,504241
2018-06-13,405.9,406.99,391.22,392.69,559932
2018-06-14,395.18,397.46,393.01,396.74,588580
2018-06-15,397.49,401.98,395.76,398.76,831469
2018-06-18,397.36,402.01,395.06,401.69,451182
2018-06-19,396.98,404.5,396.98,401.76,628915
2018-06-20,401.76,417.87,401.61,410.72,1151144
2018-06-21,411.5,421.24,410.14,419.0,999706
2018-06-22,421.0,421.0,410.58,418.86,1106290
2018-06-25,415.92,420.93,413.69,418.57,1060318
2018-06-26,420.0,431.98,417.71,429.0,1497027
2018-06-27,431.11,431.63,425.34,425.57,730700
2018-06-28,427.36,429.7,420.55,427.05,445258
2018-06-29,428.52,432.42,421.89,429.89,547710
2018-07-02,429.34,431.18,423.17,428.21,562231
2018-07-03,428.64,429.59,425.09,426.24,333744
2018-07-05,427.46,440.27,427.46,440.15,796101
2018-07-06,442.67,446.91,442.67,445.7,524676
2018-07-09,446.92,446.92,439.35,442.51,422684
2018-07-10,442.0,449.39,440.0,445.88,470736
2018-07-11,445.37,447.89,441.14,443.47,381232
2018-07-12,444.61,446.66,441.96,445.67,339352
2018-07-13,445.12,447.45,442.86,443.43,281759
2018-07-16,443.14,444.7,437.26,439.78,371387
2018-07-17,441.11,442.44,437.61,438.45,405968
2018-07-18,436.33,438.91,423.59,434.55,350634
2018-07-19,434.94,439.79,433.74,437.19,376857
2018-07-20,437.72,437.72,432.26,434.22,362830
2018-07-23,432.84,435.77,426.74,428.8,505680
2018-07-24,428.96,429.99,424.44,428.73,746925
2018-07-25,430.16,433.91,428.27,432.64,399631
2018-07-26,434.0,438.1,430.4,435.2,487245
2018-07-27,434.7,448.75,434.7,443.2,594793
2018-07-30,442.91,445.9,432.16,432.66,639789
2018-07-31,434.79,442.4,433.19,439.28,684729
2018-08-01,437.0,446.36,426.0,445.13,527769
2018-08-02,444.26,450.3,439.66,447.89,476485
2018-08-03,447.6,456.8,443.4,455.43,642954
2018-08-06,454.45,457.99,447.86,452.87,539773
2018-08-07,453.15,453.15,445.98,447.9,492367
2018-08-08,453.15,453.15,446.48,447.5,633675
2018-08-09,435.51,455.2,435.43,444.99,963739
2018-08-10,442.7,443.83,437.01,437.24,679515
2018-08-13,438.02,442.05,437.07,440.81,426785
2018-08-14,438.92,441.29,433.49,434.02,638667
2018-08-15,433.24,438.19,432.58,436.41,524082
2018-08-16,437.8,444.72,436.32,443.6,820678
2018-08-17,441.51,444.41,437.64,438.77,486584
2018-08-20,440.7,440.7,435.3,438.33,509332
2018-08-21,435.68,436.0,432.37,432.61,467507
2018-08-22,432.65,434.9,428.23,429.94,339695
2018-08-23,431.41,432.61,428.46,429.17,325870
2018-08-24,428.61,432.47,426.4,430.02,501775
2018-08-27,430.88,433.38,429.7,432.55,391606
2018-08-28,432.34,435.9,430.15,435.68,324423
2018-08-29,435.55,439.89,434.38,436.11,324096
2018-08-30,436.41,437.81,428.03,430.69,339520
2018-08-31,430.94,436.66,430.94,436.13,442767
2018-09-04,434.33,435.92,425.89,428.39,486024
2018-09-05,427.5,431.12,421.5,430.21,663961
2018-09-06,429.95,432.61,426.12,431.65,432902
2018-09-07,430.8,433.75,429.5,431.09,318886
2018-09-10,431.38,437.49,430.0,434.02,536081
2018-09-11,433.51,435.2,430.5,434.66,370495
2018-09-12,436.6,439.97,432.0,439.43,412892
2018-09-13,442.04,446.0,439.4,443.84,527175
2018-09-14,443.34,448.33,440.45,448.14,473157
2018-09-17,448.21,449.76,444.41,447.3,509732
2018-09-18,447.7,449.91,444.64,445.21,349382
2018-09-19,444.43,447.25,441.35,442.27,283344
2018-09-20,442.7,446.9,441.46,445.01,388104
2018-09-21,446.47,447.8,441.57,441.68,658263
2018-09-24,438.44,438.44,429.22,431.97,453175
2018-09-25,440.94,440.94,425.81,428.76,428681
2018-09-26,428.82,428.82,421.92,423.13,579202
2018-09-27,423.98,432.14,422.93,430.15,518412
2018-09-28,430.15,437.23,429.11,432.89,651421
2018-10-01,433.26,435.84,431.23,431.35,417910
2018-10-02,432.28,432.85,428.11,431.81,350115
2018-10-03,431.78,436.15,423.77,425.3,459592
2018-10-04,423.5,424.76,418.5,422.46,267771
2018-10-05,421.96,422.97,416.59,417.32,670106
2018-10-08,415.91,422.84,415.26,418.94,514358
2018-10-09,417.54,421.82,414.91,416.59,519612
2018-10-10,416.0,419.75,410.0,410.08,579266
2018-10-11,410.37,410.63,394.77,397.08,640207
2018-10-12,399.52,402.26,392.93,395.94,691285
2018-10-15,396.62,400.1,394.38,396.59,305919
2018-10-16,399.31,409.36,397.53,408.29,374353
2018-10-17,408.18,411.38,406.26,410.44,346244
2018-10-18,409.84,413.52,407.16,411.65,356855
2018-10-19,411.78,419.4,411.78,414.31,435962
2018-10-22,414.6,417.82,410.97,411.73,262957
2018-10-23,409.21,413.16,404.94,411.41,401471
2018-10-24,411.29,420.59,411.29,416.75,359192
2018-10-25,418.64,421.03,410.06,411.97,458773
2018-10-26,409.58,410.0,383.84,385.22,1075961
2018-10-29,388.2,391.75,377.25,379.91,701203
2018-10-30,380.53,383.6,374.39,376.79,851234
2018-10-31,384.18,384.18,376.54,378.74,804085
2018-11-01,379.82,390.81,379.01,386.69,577316
2018-11-02,392.23,397.27,382.48,392.43,1086299
2018-11-05,397.5,401.39,393.57,396.46,709866
2018-11-06,396.67,399.84,393.16,396.04,548383
2018-11-07,400.0,401.68,396.86,400.0,533268
2018-11-08,400.59,401.14,389.14,389.48,755763
2018-11-09,389.46,390.25,380.82,384.94,741214
2018-11-12,384.86,391.24,384.86,389.42,487737
2018-11-13,388.43,388.84,382.9,383.53,490677
2018-11-14,385.27,388.3,380.06,385.32,438689
2018-11-15,384.74,387.13,377.48,385.28,496981
2018-11-16,383.18,389.43,383.0,388.63,650051
2018-11-19,389.72,394.83,381.59,383.47,438167
2018-11-20,383.85,386.0,374.24,376.5,813362
2018-11-21,377.64,386.12,374.74,382.89,440172
2018-11-23,380.95,382.465,378.57,380.4,193654
2018-11-26,382.45,383.99,380.28,382.17,572144
2018-11-27,382.18,385.44,378.37,382.11,334269
2018-11-28,382.23,385.47,379.79,384.06,618404
2018-11-29,385.54,386.17,381.41,384.11,486549
2018-11-30,383.75,388.32,381.67,385.28,786513
2018-12-03,387.45,391.69,385.28,391.11,487571
2018-12-04,392.74,396.59,383.91,385.09,754033
2018-12-06,381.92,392.9,377.95,392.72,663476
2018-12-07,390.79,393.33,383.95,386.47,450316
2018-12-10,388.15,389.76,381.62,387.08,403102
2018-12-11,388.69,391.67,387.06,389.8,449368
2018-12-12,390.31,396.5,386.69,387.12,525929
2018-12-13,388.31,395.25,388.23,389.32,429027
2018-12-14,387.74,389.24,383.77,386.9,505286
2018-12-17,386.89,387.54,368.56,369.06,832649
2018-12-18,371.87,377.06,369.48,370.97,527322
2018-12-19,370.5,374.09,367.08,368.44,795678
2018-12-20,367.42,367.8,355.33,358.21,762816
2018-12-21,358.62,363.68,348.62,350.31,1277511
2018-12-24,348.75,349.9,338.97,339.02,339736
2018-12-26,340.4,349.27,335.29,349.27,594813
2018-12-27,345.65,348.99,337.67,346.39,569727
2018-12-28,348.75,356.14,347.1,352.85,569930
2018-12-31,352.35,353.3,347.6104,352.56,384385
2019-01-02,349.28,352.69,343.58,350.0,664554
2019-01-03,348.66,355.47,345.17,345.94,779663
2019-01-04,347.8,356.64,346.36,353.79,543717
2019-01-07,353.0,357.02,351.41,354.5,730277
2019-01-08,357.42,363.18,357.42,361.86,680840
2019-01-09,363.69,365.09,348.24,357.32,1024838
2019-01-10,356.31,371.22,355.04,370.68,1033639
2019-01-11,369.96,372.3,366.55,371.43,433609
2019-01-14,370.3,377.15,369.99,376.58,638246
2019-01-15,379.46,383.59,378.15,382.98,721234
2019-01-16,381.21,384.18,379.53,381.11,620847
2019-01-17,380.97,383.59,379.21,381.83,490227
2019-01-18,383.48,383.48,373.75,374.67,638145
2019-01-22,374.67,375.7885,368.26,371.01,858564
2019-01-23,370.86,371.69,363.15,365.26,667121
2019-01-24,357.35,371.56,357.35,371.28,492603
2019-01-25,371.78,373.14,364.91,369.44,760611
2019-01-28,367.95,377.97,363.9,377.11,466570
2019-01-29,378.1,379.88,373.89,379.29,352133
2019-01-30,379.29,384.8,379.15,383.01,400285
2019-01-31,382.83,394.83,379.91,394.0,591355
2019-02-01,393.45,396.66,390.87,396.38,646085
2019-02-04,397.0,397.0,392.37,395.29,487560
2019-02-05,397.04,399.0,372.75,395.79,527694
2019-02-06,395.0,396.97,388.39,390.1,732609
2019-02-07,389.0,392.12,385.98,389.79,402415
2019-02-08,388.52,395.99,387.89,395.82,354574
2019-02-11,396.95,400.85,395.63,400.07,408280
2019-02-12,400.64,400.64,393.58,397.48,346102
2019-02-13,386.95,398.78,385.91,391.91,575474
2019-02-14,412.0,422.44,399.57,420.59,1551941
2019-02-15,421.47,422.06,417.41,421.39,689272
2019-02-19,422.0,433.02,418.3994,430.59,660514
2019-02-20,428.43,433.64,427.5,431.53,598363
2019-02-21,429.07,430.0,424.3,425.86,397000
2019-02-22,427.98,430.245,423.75,428.54,341746
2019-02-25,429.0,430.0,425.52,428.98,580167
2019-02-26,428.08,428.75,425.0,425.84,422337
2019-02-27,421.47,426.5,417.25,418.15,525899
2019-02-28,422.19,426.08,417.59,423.5,1549799
2019-03-01,424.46,433.54,420.0,432.79,786460
2019-03-04,433.45,434.15,423.23,426.98,704347
2019-03-05,426.95,430.26,424.6,426.92,420316
2019-03-06,426.17,428.0,422.87,424.66,376463
2019-03-07,422.74,431.38,421.19,426.75,510158
2019-03-08,426.85,431.0,424.5,430.38,581512
2019-03-11,430.88,438.5,430.88,438.33,560358
2019-03-12,439.75,442.56,438.12,438.5,613992
2019-03-13,438.02,441.87,437.84,438.87,588511
2019-03-14,439.5,442.92,436.3,440.48,398374
2019-03-15,439.91,442.75,438.33,441.61,1206946
2019-03-18,442.5,444.8,440.85,444.1,370031
2019-03-19,445.02,446.15,441.91,443.55,383280
2019-03-20,442.15,449.0,441.49,448.08,590156
2019-03-21,447.93,458.41,444.5,458.29,569470
2019-03-22,458.83,460.88,451.11,451.5,644393
2019-03-25,452.25,453.49,445.28,446.18,449457
2019-03-26,445.88,448.72,442.75,447.67,379210
2019-03-27,449.48,451.54,445.03,448.08,390868
2019-03-28,449.74,452.22,446.85,449.96,415189
2019-03-29,451.47,453.85,444.96,453.16,524443
2019-04-01,443.56,456.77,443.56,456.3,376172
2019-04-02,457.46,461.75,455.02,460.44,483988
2019-04-03,461.71,466.11,455.69,462.01,531651
2019-04-04,462.55,464.73,459.9,461.44,448872
2019-04-05,461.97,467.29,460.45,466.62,284764
2019-04-08,466.74,467.99,460.32,463.41,251049
2019-04-09,463.19,464.23,459.16,460.11,284551
2019-04-10,461.56,462.99,459.52,461.21,304241
2019-04-11,456.99,462.92,456.99,460.67,256256
2019-04-12,457.82,464.0,453.72,463.38,369938
2019-04-15,462.31,463.07,457.35,460.0,286067
2019-04-16,461.92,461.92,451.33,452.66,346948
2019-04-17,454.41,454.51,445.03,447.52,342270
2019-04-18,450.17,450.17,444.94,446.44,452574
2019-04-22,445.74,448.97,442.82,447.23,445234
2019-04-23,449.45,452.82,444.51,450.21,369845
2019-04-24,450.78,454.18,445.93,453.46,268397
2019-04-25,450.91,455.78,447.26,453.89,223826
2019-04-26,453.82,453.82,440.72,453.05,361028
2019-04-29,451.56,453.98,446.26,448.81,296249
2019-04-30,449.62,456.15,446.04,454.7,408134
2019-05-01,453.6,459.51,449.53,450.01,498960
2019-05-02,470.0,479.94,461.94,465.01,726237
2019-05-03,466.32,476.99,464.4,476.99,420240
2019-05-06,472.46,480.8,472.26,478.53,496457
2019-05-07,477.9,478.5,471.93,474.93,524081
2019-05-08,473.57,483.64,471.65,478.98,590603
2019-05-09,477.78,479.33,473.01,476.59,335843
2019-05-10,476.26,481.73,474.64,479.82,438204
2019-05-13,473.56,477.19,472.47,476.24,499174
2019-05-14,477.54,484.5,477.01,484.0,419705
2019-05-15,484.25,488.38,483.13,486.62,279095
2019-05-16,487.52,494.0,487.02,491.76,326999
2019-05-17,487.62,490.84,485.16,490.28,289400
2019-05-20,487.88,488.43,480.11,480.12,379419
2019-05-21,477.93,486.08,477.93,484.45,403144
2019-05-22,483.84,494.62,480.51,493.99,332584
2019-05-23,492.86,496.57,492.0,496.26,467858
2019-05-24,498.76,500.0,495.96,496.52,251629
2019-05-28,496.8,500.2,491.23,491.23,285114
2019-05-29,490.99,491.6,481.3,482.55,277966
2019-05-30,483.1,487.83,483.1,487.31,332570
2019-05-31,485.15,489.19,483.66,485.79,337741
2019-06-03,487.61,489.62,482.16,485.58,461927
2019-06-04,485.52,485.59,471.8,481.05,494201
2019-06-05,484.37,495.4,482.46,495.29,306851
2019-06-06,496.82,497.92,491.29,494.66,333960
2019-06-07,496.54,499.96,495.1,499.6,262149
2019-06-10,499.14,507.31,497.6,506.02,329440
2019-06-11,507.29,508.76,499.26,504.24,303278
2019-06-12,505.76,508.99,502.98,503.67,221475
2019-06-13,505.44,508.03,503.24,507.3,399870
2019-06-14,507.3,512.93,505.51,509.92,318578
2019-06-17,511.26,515.08,509.29,511.48,354186
2019-06-18,514.45,516.95,502.45,503.23,461339
2019-06-19,502.69,513.8,501.89,511.17,351896
2019-06-20,515.04,515.88,506.71,508.37,433004
2019-06-21,509.04,509.37,499.51,508.09,761611
2019-06-24,510.0,512.9,506.07,510.04,285517
2019-06-25,508.83,512.99,499.43,500.05,246011
2019-06-26,500.03,501.09,485.58,490.28,489834
2019-06-27,491.33,498.93,491.33,498.19,262520
2019-06-28,498.75,504.69,496.36,504.29,550962
2019-07-01,509.04,510.0,498.03,504.94,367828
2019-07-02,506.37,515.27,505.07,514.94,348998
2019-07-03,515.37,520.24,515.37,518.95,180236
2019-07-05,517.03,520.35,510.53,518.18,167968
2019-07-08,518.4,520.0,515.84,519.16,196436
2019-07-09,517.32,521.7,516.83,521.5,235258
2019-07-10,522.14,527.41,518.1,527.16,315604
2019-07-11,528.97,528.98,520.56,523.88,292396
2019-07-12,525.0,526.93,516.51,518.01,301706
2019-07-15,521.31,523.6,515.59,516.99,181402
2019-07-16,515.32,516.64,511.97,514.22,319374
2019-07-17,518.79,519.04,509.01,512.18,211926
2019-07-18,509.53,513.46,508.19,512.17,293907
2019-07-19,514.47,515.8,506.56,506.61,305069
2019-07-22,505.41,508.77,504.08,506.4,243803
2019-07-23,508.43,509.9,501.88,507.33,335404
2019-07-24,507.38,510.98,504.71,508.32,279535
2019-07-25,507.0,507.51,490.05,490.48,533236
2019-07-26,492.17,495.0,484.46,488.81,523613
2019-07-29,494.98,496.96,484.24,486.58,394061
2019-07-30,485.2,499.5,484.57,498.82,465169
2019-07-31,497.66,511.29,493.92,502.1,741475
2019-08-01,529.48,530.72,504.91,522.75,720070
2019-08-02,526.11,533.08,520.76,524.09,580373
2019-08-05,518.57,523.67,506.05,512.68,430088
2019-08-06,513.48,523.52,513.0,519.86,366804
2019-08-07,518.05,534.83,511.99,533.09,436620
2019-08-08,531.3,550.0,527.53,549.24,550847
2019-08-09,550.0,553.52,546.83,552.42,499105
2019-08-12,550.54,557.54,549.61,553.3,403898
2019-08-13,553.75,554.35,545.0,548.38,453622
2019-08-14,544.45,548.67,537.2,539.88,472854
2019-08-15,541.3,550.16,539.5,546.34,359920
2019-08-16,547.25,553.85,545.01,551.81,575008
2019-08-19,556.22,557.96,550.38,555.73,282345
2019-08-20,551.24,554.48,546.73,547.0,257628
2019-08-21,548.82,552.1,545.36,552.1,198882
2019-08-22,551.64,558.43,547.62,554.42,270538
2019-08-23,557.41,559.32,547.14,549.42,319206
2019-08-26,550.03,558.79,550.0,558.68,203083
2019-08-27,560.49,562.47,555.45,557.52,590014
2019-08-28,558.36,559.64,551.38,553.53,303964
2019-08-29,556.71,558.8,554.96,557.72,339660
2019-08-30,558.0,559.55,553.22,556.28,299439
2019-09-03,555.38,566.39,554.21,565.91,296894
2019-09-04,564.9,567.89,555.03,558.49,445934
2019-09-05,558.76,560.0,547.69,551.0,486520
2019-09-06,552.44,560.67,551.71,554.09,366858
2019-09-09,554.1,554.31,536.76,538.21,397049
2019-09-10,535.51,535.51,525.38,531.44,496324
2019-09-11,530.19,533.36,526.0,528.44,530188
2019-09-12,529.99,539.68,528.5,538.88,435411
2019-09-13,537.0,539.08,531.79,536.8,329609
2019-09-16,537.74,551.2,536.19,549.93,297618
2019-09-17,551.47,559.99,545.2,558.91,380670
2019-09-18,559.5,561.19,545.67,561.0,362113
2019-09-19,560.51,570.83,559.33,569.03,472019
2019-09-20,568.57,571.7,564.69,566.45,1100291
2019-09-23,575.03,609.97,569.83,581.71,715882
2019-09-24,582.21,582.95,567.11,572.04,519717
2019-09-25,574.56,580.33,562.0,579.25,389004
2019-09-26,577.34,584.5,577.13,583.02,273689
2019-09-27,581.01,583.49,573.33,576.62,293021
2019-09-30,578.72,582.23,574.29,576.8,302734
2019-10-01,574.84,578.22,567.95,569.59,313231
2019-10-02,568.12,571.51,555.18,561.52,563882
2019-10-03,563.16,575.76,562.77,575.75,419636
2019-10-04,577.63,582.43,575.93,581.65,307210
2019-10-07,577.87,580.95,575.55,577.31,224773
2019-10-08,576.17,577.77,569.34,569.5,281715
2019-10-09,570.91,579.29,570.07,575.0,274056
2019-10-10,573.53,574.92,568.14,572.2,230968
2019-10-11,576.19,576.19,565.87,566.61,280923
2019-10-14,566.98,571.22,565.05,567.5,194950
2019-10-15,570.6,574.17,566.0,571.65,207367
2019-10-16,568.16,568.9,560.89,567.89,313231
2019-10-17,570.93,576.48,569.45,571.84,198927
2019-10-18,574.82,577.17,571.32,576.41,247936
2019-10-21,576.41,578.32,572.03,577.35,270841
2019-10-22,582.68,582.68,569.83,569.93,271583
2019-10-23,569.69,572.61,558.93,566.62,370559
2019-10-24,569.5,569.5,561.28,563.34,330878
2019-10-25,562.34,566.54,553.67,565.74,381855
2019-10-28,564.23,568.56,563.18,567.13,288099
2019-10-29,565.89,576.25,565.76,567.52,307090
2019-10-30,570.72,577.71,566.45,571.16,562788
2019-10-31,572.7,574.9,553.81,566.78,697845
2019-11-01,565.33,567.46,557.14,562.24,431932
2019-11-04,560.67,560.8,542.38,543.2,662380
2019-11-05,542.14,542.14,523.79,527.19,939810
2019-11-06,530.07,534.99,527.85,531.88,377467
2019-11-07,530.96,530.96,519.37,522.5,387073
2019-11-08,523.46,535.96,521.92,530.31,506731
2019-11-11,530.26,539.36,530.26,535.0,312559
2019-11-12,535.63,539.01,526.85,531.24,359814
2019-11-13,533.72,541.96,532.53,540.73,434239
2019-11-14,542.2,549.1,539.32,544.71,524028
2019-11-15,548.84,552.01,543.72,550.41,452555
2019-11-18,550.0,560.96,550.0,558.21,352314
2019-11-19,557.29,568.9,555.37,564.96,404269
2019-11-20,565.0,573.18,563.9,568.76,398165
2019-11-21,565.58,570.6,558.13,560.17,323028
2019-11-22,562.84,567.35,556.25,557.58,318920
2019-11-25,559.61,563.47,553.2,553.85,472531
2019-11-26,553.22,556.71,550.91,554.68,850823
2019-11-27,555.46,566.97,551.52,565.19,302277
2019-11-29,565.61,569.07,565.17,566.85,187198
2019-12-02,564.81,564.81,549.69,549.74,395225
2019-12-03,550.7,555.97,547.06,552.6,447880
2019-12-04,549.76,564.02,548.76,562.93,413708
2019-12-05,561.27,563.98,555.93,560.06,337743
2019-12-06,562.19,566.99,558.88,559.19,307253
2019-12-09,559.56,562.62,557.29,560.72,216786
2019-12-10,563.48,564.83,556.18,557.73,340459
2019-12-11,559.22,564.12,554.5,559.14,332957
2019-12-12,561.37,561.37,546.26,547.8,387306
2019-12-13,547.67,552.73,543.11,551.84,553615
2019-12-16,552.55,563.86,547.15,562.8,473051
2019-12-17,565.58,571.01,556.0,557.52,411547
2019-12-18,559.6,566.85,558.34,565.45,491747
2019-12-19,566.52,578.48,564.52,575.92,388886
2019-12-20,581.85,582.2,573.8,577.71,931949
2019-12-23,577.37,579.34,570.11,571.64,181712
2019-12-24,571.54,576.71,569.16,573.24,82630
2019-12-26,573.67,580.12,572.16,579.51,153068
2019-12-27,582.37,584.45,578.15,582.5,231827
2019-12-30,580.3,582.43,575.03,580.24,247132
2019-12-31,580.54,583.91,578.36,583.7,292656
