Date,Open,High,Low,Close,Volume,ExDividend,SplitRatio,AdjOpen,AdjHigh,AdjLow,AdjClose,AdjVolume
2018-03-27,94.38,96.46,92.91,94.96,750858.0,0.0,1.0,94.38,96.46,92.91,94.96,750858.0
2018-03-26,93.75,94.64,92.42,94.44,789027.0,0.0,1.0,93.75,94.64,92.42,94.44,789027.0
2018-03-23,96.08,96.29,92.62,92.94,1050961.0,0.0,1.0,96.08,96.29,92.62,92.94,1050961.0
2018-03-22,96.66,98.21,96.0,96.05,603278.0,0.0,1.0,96.66,98.21,96.0,96.05,603278.0
2018-03-21,97.64,98.12,96.495,96.98,843578.0,0.0,1.0,97.64,98.12,96.495,96.98,843578.0
2018-03-20,98.35,99.1,96.87,97.58,811289.0,0.0,1.0,98.35,99.1,96.87,97.58,811289.0
2018-03-19,98.99,98.99,97.58,98.26,723265.0,0.0,1.0,98.99,98.99,97.58,98.26,723265.0
2018-03-16,98.25,99.45,97.72,98.94,2444053.0,0.0,1.0,98.25,99.45,97.72,98.94,2444053.0
2018-03-15,98.91,98.99,97.72,98.38,761280.0,0.0,1.0,98.91,98.99,97.72,98.38,761280.0
2018-03-14,98.93,99.06,98.03,98.71,783857.0,0.0,1.0,98.93,99.06,98.03,98.71,783857.0
2018-03-13,100.36,100.36,98.2,98.49,926542.0,0.0,1.0,100.36,100.36,98.2,98.49,926542.0
2018-03-12,99.45,100.12,99.01,99.79,1109739.0,0.0,1.0,99.45,100.12,99.01,99.79,1109739.0
2018-03-09,99.71,99.77,97.8,99.61,794749.0,0.0,1.0,99.71,99.77,97.8,99.61,794749.0
2018-03-08,100.5,100.5,99.16,99.47,757298.0,0.0,1.0,100.5,100.5,99.16,99.47,757298.0
2018-03-07,99.33,100.56,98.88,100.08,996531.0,0.0,1.0,99.33,100.56,98.88,100.08,996531.0
2018-03-06,98.34,99.93,97.81,99.83,698881.0,0.0,1.0,98.34,99.93,97.81,99.83,698881.0
2018-03-05,96.73,99.24,96.52,98.41,1354153.0,0.0,1.0,96.73,99.24,96.52,98.41,1354153.0
2018-03-02,96.29,97.91,95.25,97.85,1015160.0,0.0,1.0,96.29,97.91,95.25,97.85,1015160.0
2018-03-01,96.39,98.15,95.59,96.67,1233692.0,0.0,1.0,96.39,98.15,95.59,96.67,1233692.0
2018-02-28,96.44,98.43,95.95,96.92,1064027.0,0.0,1.0,96.44,98.43,95.95,96.92,1064027.0
2018-02-27,98.22,98.95,95.85,95.89,958006.0,0.0,1.0,98.22,98.95,95.85,95.89,958006.0
2018-02-26,97.93,98.11,97.0,98.06,547842.0,0.0,1.0,97.93,98.11,97.0,98.06,547842.0
2018-02-23,96.5,97.67,95.41,97.62,408951.0,0.0,1.0,96.5,97.67,95.41,97.62,408951.0
2018-02-22,94.66,97.15,94.56,95.91,884410.0,0.0,1.0,94.66,97.15,94.56,95.91,884410.0
2018-02-21,96.03,97.35,94.49,94.5,1379720.0,0.0,1.0,96.03,97.35,94.49,94.5,1379720.0
2018-02-20,95.86,97.51,95.78,96.25,838703.0,0.0,1.0,95.86,97.51,95.78,96.25,838703.0
2018-02-16,95.47,96.63,95.38,96.2,624032.0,0.0,1.0,95.47,96.63,95.38,96.2,624032.0
2018-02-15,94.13,95.97,93.86,95.54,1039595.0,0.0,1.0,94.13,95.97,93.86,95.54,1039595.0
2018-02-14,93.12,94.43,92.03,93.79,1123149.0,0.0,1.0,93.12,94.43,92.03,93.79,1123149.0
2018-02-13,92.66,94.27,91.91,93.82,911630.0,0.0,1.0,92.66,94.27,91.91,93.82,911630.0
2018-02-12,92.31,93.2,89.62,92.69,995606.0,0.0,1.0,92.31,93.2,89.62,92.69,995606.0
2018-02-09,91.15,93.05,89.46,92.18,1691330.0,0.0,1.0,91.15,93.05,89.46,92.18,1691330.0
2018-02-08,92.66,94.18,90.61,90.61,1351536.0,0.0,1.0,92.66,94.18,90.61,90.61,1351536.0
2018-02-07,93.18,94.75,92.78,92.86,1094309.0,0.0,1.0,93.18,94.75,92.78,92.86,1094309.0
2018-02-06,92.32,94.705,91.2,93.45,2423680.0,0.0,1.0,92.32,94.705,91.2,93.45,2423680.0
2018-02-05,97.69,97.86,93.64,93.64,1785534.0,0.0,1.0,97.69,97.86,93.64,93.64,1785534.0
2018-02-02,98.8,99.42,97.41,98.07,1422137.0,0.0,1.0,98.8,99.42,97.41,98.07,1422137.0
2018-02-01,100.47,100.985,98.97,99.5,1196612.0,0.0,1.0,100.47,100.985,98.97,99.5,1196612.0
2018-01-31,98.56,100.56,98.25,100.52,1604341.0,0.0,1.0,98.56,100.56,98.25,100.52,1604341.0
2018-01-30,98.38,98.99,97.8,98.19,1343238.0,0.0,1.0,98.38,98.99,97.8,98.19,1343238.0
2018-01-29,97.89,98.98,96.98,98.47,1277828.0,0.0,1.0,97.89,98.98,96.98,98.47,1277828.0
2018-01-26,98.11,99.25,96.405,97.92,975771.0,0.0,1.0,98.11,99.25,96.405,97.92,975771.0
2018-01-25,96.01,97.09,94.595,96.49,1082220.0,0.0,1.0,96.01,97.09,94.595,96.49,1082220.0
2018-01-24,97.14,97.61,96.5,96.98,863691.0,0.0,1.0,97.14,97.61,96.5,96.98,863691.0
2018-01-23,96.18,97.21,95.99,97.15,822711.0,0.0,1.0,96.18,97.21,95.99,97.15,822711.0
2018-01-22,93.88,96.13,93.88,95.96,1178517.0,0.0,1.0,93.88,96.13,93.88,95.96,1178517.0
2018-01-19,94.18,94.725,92.95,93.91,1699356.0,0.0,1.0,94.18,94.725,92.95,93.91,1699356.0
2018-01-18,95.12,95.12,93.99,94.11,846239.0,0.0,1.0,95.12,95.12,93.99,94.11,846239.0
2018-01-17,95.55,95.79,94.4201,95.07,849784.0,0.0,1.0,95.55,95.79,94.4201,95.07,849784.0
2018-01-16,95.74,96.565,94.94,94.99,694982.0,0.0,1.0,95.74,96.565,94.94,94.99,694982.0
2018-01-12,95.86,95.89,95.23,95.47,609004.0,0.0,1.0,95.86,95.89,95.23,95.47,609004.0
2018-01-11,96.5,96.7,95.47,95.73,663891.0,0.0,1.0,96.5,96.7,95.47,95.73,663891.0
2018-01-10,98.27,98.27,95.68,96.08,988324.0,0.0,1.0,98.27,98.27,95.68,96.08,988324.0
2018-01-09,99.1,99.49,98.56,98.63,1039494.0,0.0,1.0,99.1,99.49,98.56,98.63,1039494.0
2018-01-08,99.67,100.0,98.73,99.38,783415.0,0.0,1.0,99.67,100.0,98.73,99.38,783415.0
2018-01-05,99.22,100.03,99.11,99.86,596090.0,0.0,1.0,99.22,100.03,99.11,99.86,596090.0
2018-01-04,100.74,100.94,98.85,98.85,882273.0,0.0,1.0,100.74,100.94,98.85,98.85,882273.0
2018-01-03,100.96,101.2,100.55,100.95,520234.0,0.0,1.0,100.96,101.2,100.55,100.95,520234.0
2018-01-02,101.05,101.11,100.28,100.64,780741.0,0.0,1.0,101.05,101.11,100.28,100.64,780741.0
2017-12-29,100.41,101.375,100.26,100.93,747801.0,0.0,1.0,100.41,101.375,100.26,100.93,747801.0
2017-12-28,100.55,101.27,100.48,100.93,748748.0,0.0,1.0,100.55,101.27,100.48,100.93,748748.0
2017-12-27,100.71,100.92,99.98,100.66,653917.0,0.0,1.0,100.71,100.92,99.98,100.66,653917.0
2017-12-26,100.29,100.96,99.905,100.35,690500.0,0.0,1.0,100.29,100.96,99.905,100.35,690500.0
2017-12-22,99.285,100.35,99.16,100.04,655840.0,0.0,1.0,99.285,100.35,99.16,100.04,655840.0
2017-12-21,99.18,99.5699,98.7001,99.12,843008.0,0.0,1.0,99.18,99.5699,98.7001,99.12,843008.0
2017-12-20,101.87,102.0,98.97,98.99,1111387.0,0.0,1.0,101.87,102.0,98.97,98.99,1111387.0
2017-12-19,103.51,103.875,101.58,101.62,1068409.0,0.0,1.0,103.51,103.875,101.58,101.62,1068409.0
2017-12-18,104.045,104.58,103.07,103.79,1191573.0,0.0,1.0,104.045,104.58,103.07,103.79,1191573.0
2017-12-15,103.5,104.16,103.0,103.23,1866163.0,0.0,1.0,103.5,104.16,103.0,103.23,1866163.0
2017-12-14,103.36,103.56,102.85,103.13,645171.0,0.0,1.0,103.36,103.56,102.85,103.13,645171.0
2017-12-13,103.18,103.64,102.9,102.9,661365.0,0.0,1.0,103.18,103.64,102.9,102.9,661365.0
2017-12-12,102.75,103.62,102.74,103.02,681681.0,0.0,1.0,102.75,103.62,102.74,103.02,681681.0
2017-12-11,102.64,103.34,102.47,102.6,1212163.0,0.0,1.0,102.64,103.34,102.47,102.6,1212163.0
2017-12-08,102.33,103.02,101.52,102.6,1048371.0,0.0,1.0,102.33,103.02,101.52,102.6,1048371.0
2017-12-07,102.57,102.57,101.69,101.82,892386.0,0.0,1.0,102.57,102.57,101.69,101.82,892386.0
2017-12-06,103.02,103.04,101.83,102.39,926426.0,0.0,1.0,103.02,103.04,101.83,102.39,926426.0
2017-12-05,106.04,106.04,102.39,102.61,995804.0,0.0,1.0,106.04,106.04,102.39,102.61,995804.0
2017-12-04,102.89,104.11,102.89,103.95,924318.0,0.0,1.0,102.89,104.11,102.89,103.95,924318.0
2017-12-01,102.62,103.14,101.59,102.03,1071597.0,0.0,1.0,102.62,103.14,101.59,102.03,1071597.0
2017-11-30,102.51,102.74,101.91,102.23,1315255.0,0.0,1.0,102.51,102.74,101.91,102.23,1315255.0
2017-11-29,101.0,102.63,100.37,102.23,826956.0,0.0,1.0,101.0,102.63,100.37,102.23,826956.0
2017-11-28,101.13,101.15,99.62,100.88,848311.0,0.0,1.0,101.13,101.15,99.62,100.88,848311.0
2017-11-27,101.15,101.64,100.43,101.21,483284.0,0.0,1.0,101.15,101.64,100.43,101.21,483284.0
2017-11-24,101.21,101.32,100.56,100.98,210267.0,0.0,1.0,101.21,101.32,100.56,100.98,210267.0
2017-11-22,100.76,101.3,100.04,100.75,788291.0,0.0,1.0,100.76,101.3,100.04,100.75,788291.0
2017-11-21,100.53,101.11,100.09,101.06,906233.0,0.0,1.0,100.53,101.11,100.09,101.06,906233.0
2017-11-20,100.84,101.29,100.15,100.52,769245.0,0.0,1.0,100.84,101.29,100.15,100.52,769245.0
2017-11-17,100.38,101.505,100.38,100.87,815030.0,0.0,1.0,100.38,101.505,100.38,100.87,815030.0
2017-11-16,100.24,101.69,100.24,100.81,820046.0,0.0,1.0,100.24,101.69,100.24,100.81,820046.0
2017-11-15,99.75,100.74,98.86,100.16,661414.0,0.0,1.0,99.75,100.74,98.86,100.16,661414.0
2017-11-14,99.74,101.81,99.15,100.04,1008516.0,0.0,1.0,99.74,101.81,99.15,100.04,1008516.0
2017-11-13,100.24,100.83,99.7,100.06,928524.0,0.0,1.0,100.24,100.83,99.7,100.06,928524.0
2017-11-10,98.11,100.41,98.04,99.89,793846.0,0.0,1.0,98.11,100.41,98.04,99.89,793846.0
2017-11-09,96.95,99.0,96.41,98.75,865732.0,0.0,1.0,96.95,99.0,96.41,98.75,865732.0
2017-11-07,95.62,96.83,95.56,96.46,1048484.0,0.0,1.0,95.62,96.83,95.56,96.46,1048484.0
2017-11-06,94.44,95.59,94.4,95.3,792253.0,0.0,1.0,94.44,95.59,94.4,95.3,792253.0
2017-11-03,94.8,95.09,93.95,94.15,763851.0,0.0,1.0,94.8,95.09,93.95,94.15,763851.0
2017-11-02,95.03,95.98,94.6,95.19,702281.0,0.0,1.0,95.03,95.98,94.6,95.19,702281.0
2017-11-01,95.67,96.13,95.05,95.19,675879.0,0.0,1.0,95.67,96.13,95.05,95.19,675879.0
2017-10-31,94.65,95.82,93.97,95.68,1045804.0,0.0,1.0,94.65,95.82,93.97,95.68,1045804.0
2017-10-30,95.09,95.8175,93.92,94.53,1153289.0,0.0,1.0,95.09,95.8175,93.92,94.53,1153289.0
2017-10-27,96.04,96.83,95.06,95.47,785535.0,0.0,1.0,96.04,96.83,95.06,95.47,785535.0
2017-10-26,96.41,96.75,95.36,95.88,937178.0,0.0,1.0,96.41,96.75,95.36,95.88,937178.0
2017-10-25,96.31,96.78,94.95,95.795,938373.0,0.0,1.0,96.31,96.78,94.95,95.795,938373.0
2017-10-24,97.64,98.1,96.13,96.2,1333173.0,0.0,1.0,97.64,98.1,96.13,96.2,1333173.0
2017-10-23,97.61,98.26,97.29,97.92,603000.0,0.0,1.0,97.61,98.26,97.29,97.92,603000.0
2017-10-20,99.15,99.1799,97.23,97.4,984394.0,0.0,1.0,99.15,99.1799,97.23,97.4,984394.0
2017-10-19,99.16,99.55,96.65,98.66,2257237.0,0.0,1.0,99.16,99.55,96.65,98.66,2257237.0
2017-10-18,102.08,102.695,101.44,101.54,881758.0,0.0,1.0,102.08,102.695,101.44,101.54,881758.0
2017-10-17,102.81,103.28,101.94,102.01,921963.0,0.0,1.0,102.81,103.28,101.94,102.01,921963.0
2017-10-16,103.42,104.07,102.8,102.87,1166802.0,0.0,1.0,103.42,104.07,102.8,102.87,1166802.0
2017-10-13,105.44,105.44,103.47,103.49,1243257.0,0.0,1.0,105.44,105.44,103.47,103.49,1243257.0
2017-10-12,104.72,105.22,104.435,104.83,478764.0,0.0,1.0,104.72,105.22,104.435,104.83,478764.0
2017-10-11,104.64,105.54,104.63,104.9,679456.0,0.0,1.0,104.64,105.54,104.63,104.9,679456.0
2017-10-10,104.63,105.79,103.61,104.49,980181.0,0.0,1.0,104.63,105.79,103.61,104.49,980181.0
2017-10-09,104.0,104.68,103.89,104.35,719998.0,0.0,1.0,104.0,104.68,103.89,104.35,719998.0
2017-10-06,104.06,105.12,103.46,105.01,850521.0,0.0,1.0,104.06,105.12,103.46,105.01,850521.0
2017-10-05,104.48,105.57,104.25,104.37,1077129.0,0.0,1.0,104.48,105.57,104.25,104.37,1077129.0
2017-10-04,103.02,104.45,102.9,104.39,686342.0,0.0,1.0,103.02,104.45,102.9,104.39,686342.0
2017-10-03,102.14,103.61,102.14,103.22,772864.0,0.0,1.0,102.14,103.61,102.14,103.22,772864.0
2017-10-02,101.31,102.56,101.31,102.14,917498.0,0.0,1.0,101.31,102.56,101.31,102.14,917498.0
2017-09-29,99.68,101.375,99.58,101.32,823418.0,0.775,1.0,99.68,101.375,99.58,101.32,823418.0
2017-09-28,101.13,102.19,100.45,100.76,798448.0,0.0,1.0,100.36232528527,101.41427885793001,99.687487144326,99.995133943876,798448.0
2017-09-27,102.72,103.16,101.23,101.25,991569.0,0.0,1.0,101.94025564424999,102.37691561781,100.46156618834999,100.48141436897,991569.0
2017-09-26,101.69,103.41,101.58,103.06,1135351.0,0.0,1.0,100.91807434251999,102.62501787551001,100.80890934914,102.27767471473,1135351.0
2017-09-25,100.38,102.11,100.38,101.7,670130.0,0.0,1.0,99.61801851217,101.33488613546,99.61801851217,100.92799843283001,670130.0
2017-09-22,101.2,102.62,100.52,100.67,796752.0,0.0,1.0,100.43179391743,101.84101474116999,99.756955776483,99.905817131103,796752.0
2017-09-21,98.04,101.86,97.76,101.13,1436194.0,0.0,1.0,97.29578138008699,101.08678387775998,97.017906851462,100.36232528527,1436194.0
2017-09-20,96.47,97.78,96.37,97.72,786567.0,0.0,1.0,95.737699201724,97.037755032078,95.638458298643,96.97821049023001,786567.0
2017-09-19,98.05,98.22,96.24,96.34,1160785.0,0.0,1.0,97.305705470395,97.474415005632,95.509445124639,95.608686027719,1160785.0
2017-09-18,98.67,98.7,97.36,98.18,811099.0,0.0,1.0,97.920999069494,97.950771340418,96.62094323913999,97.43471864440001,811099.0
2017-09-15,98.05,98.45,96.72,98.44,2152204.0,0.0,1.0,97.305705470395,97.702669082717,95.98580145942499,97.692744992409,2152204.0
2017-09-14,96.4,98.3,96.25,97.84,1284798.0,0.0,1.0,95.66823056956801,97.553807728096,95.51936921494699,97.097299573926,1284798.0
2017-09-13,95.91,96.3,95.55,96.12,679697.0,0.0,1.0,95.181950144473,95.56898966648701,94.824682893384,95.390356040942,679697.0
2017-09-12,96.62,97.27,95.93,96.17,695636.0,0.0,1.0,95.886560556345,96.531626426368,95.201798325089,95.43997649248199,695636.0
2017-09-11,95.96,96.74,95.83,96.6,599411.0,0.0,1.0,95.23157059601401,96.00564964004101,95.10255742200899,95.866712375728,599411.0
2017-09-08,96.13,96.46,95.35,95.45,830648.0,0.0,1.0,95.40028013125,95.727775111416,94.626201087223,94.725441990303,830648.0
2017-09-07,96.47,96.9,95.5,96.34,578622.0,0.0,1.0,95.737699201724,96.16443508497,94.77506244184299,95.608686027719,578622.0
2017-09-06,96.06,97.05,95.73,96.54,681993.0,0.0,1.0,95.33081149909401,96.31329643959101,95.00331651892799,95.80716783388,681993.0
2017-09-05,96.72,97.155,94.92,95.73,1067339.0,0.0,1.0,95.98580145942499,96.41749938782499,94.199465203977,95.00331651892799,1067339.0
2017-09-01,96.53,97.64,96.09,97.11,403433.0,0.0,1.0,95.79724374357201,96.89881776776501,95.36058377001801,96.372840981439,403433.0
2017-08-31,97.4,97.69,96.08,96.38,1227876.0,0.0,1.0,96.66063960037201,96.948438219306,95.35065967971,95.64838238895099,1227876.0
2017-08-30,96.03,97.22,95.44,97.05,436944.0,0.0,1.0,95.30103922817,96.482005974827,94.715517899995,96.31329643959101,436944.0
2017-08-29,96.58,96.87,95.86,96.16,337586.0,0.0,1.0,95.846864195112,96.134662814046,95.13232969293301,95.430052402174,337586.0
2017-08-28,98.25,98.8,96.39,96.83,521968.0,0.0,1.0,97.504187276556,98.050012243499,95.65830647926,96.094966452814,521968.0
2017-08-25,97.46,98.37,96.64,97.85,333368.0,0.0,1.0,96.72018414222,97.62327636025299,95.906408736961,97.10722366423401,333368.0
2017-08-24,98.1,98.36,97.01,97.1,788129.0,0.0,1.0,97.355325921935,97.613352269945,96.273600078358,96.36291689113101,788129.0
2017-08-23,96.89,98.77,96.59,98.13,750497.0,0.0,1.0,96.154510994662,98.020239972575,95.85678828542,97.38509819286,750497.0
2017-08-22,97.53,97.7,96.2,96.98,523585.0,0.0,1.0,96.789652774377,96.95836230961399,95.469748763407,96.243827807434,523585.0
2017-08-21,96.48,97.96,96.13,97.47,507751.0,0.0,1.0,95.74762329203199,97.216388657623,95.40028013125,96.73010823252899,507751.0
2017-08-18,97.5,97.96,96.16,96.47,590626.0,0.0,1.0,96.759880503453,97.216388657623,95.430052402174,95.737699201724,590626.0
2017-08-17,98.66,99.2995,97.66,97.66,616817.0,0.0,1.0,97.911074979186,98.54572055438601,96.918665948381,96.918665948381,616817.0
2017-08-16,99.32,100.09,98.97,99.2,778798.0,0.0,1.0,98.566064939517,99.330219893237,98.218721778735,98.446975855821,778798.0
2017-08-15,100.35,100.35,98.6,99.47,492240.0,0.0,1.0,99.588246241246,99.588246241246,97.85153043733801,98.714926294138,492240.0
2017-08-14,99.6,100.8899,99.06,100.37,692392.0,0.0,1.0,98.843939468142,100.12404787698,98.30803859150801,99.60809442186199,692392.0
2017-08-11,99.77,100.225,97.68,99.0,941719.0,0.0,1.0,99.012649003379,99.464195112395,96.938514128998,98.24849404966,941719.0
2017-08-10,101.21,101.71,100.0,100.03,824840.0,0.0,1.0,100.44171800774001,100.93792252314002,99.240903080464,99.270675351388,824840.0
2017-08-09,101.91,102.13,101.31,101.7,509249.0,0.0,1.0,101.1364043293,101.35473431608,100.54095891082,100.92799843283001,509249.0
2017-08-08,102.16,102.52,101.69,101.85,450180.0,0.0,1.0,101.384506587,101.74177383809,100.91807434251999,101.07685978745,450180.0
2017-08-07,102.58,102.71,102.145,102.29,446688.0,0.0,1.0,101.80131837994,101.93033155394001,101.36962045153999,101.51351976101,446688.0
2017-08-04,102.24,103.21,102.2,102.59,405821.0,0.0,1.0,101.46389930946998,102.42653606934999,101.42420294823,101.81124247025,405821.0
2017-08-03,102.69,103.0,102.2275,102.27,958300.0,0.0,1.0,101.91048337333,102.21813017288,101.45149419658001,101.49367158039,958300.0
2017-08-02,103.68,104.44,102.38,102.84,447861.0,0.0,1.0,102.89296831383001,103.64719917724001,101.60283657378,102.05934472795,447861.0
2017-08-01,103.53,105.29,103.17,104.06,953587.0,0.0,1.0,102.7441069592,104.49074685341999,102.38683970810999,103.27008374553002,953587.0
2017-07-31,103.64,103.64,102.52,103.27,607435.0,0.0,1.0,102.85327195259,102.85327195259,101.74177383809,102.48608061120001,607435.0
2017-07-28,102.9,104.22,102.87,103.25,575000.0,0.0,1.0,102.1188892698,103.42886919045999,102.08911699887,102.46623243058,575000.0
2017-07-27,101.77,103.05,101.36,102.81,619524.0,0.0,1.0,100.99746706499,102.26775062441999,100.59057936236,102.02957245703001,619524.0
2017-07-26,101.85,102.5,101.7,101.84,679297.0,0.0,1.0,101.07685978745,101.72192565748001,100.92799843283001,101.06693569714001,679297.0
2017-07-25,102.3,102.34,101.71,102.02,630135.0,0.0,1.0,101.52344385131,101.56314021255,100.93792252314002,101.24556932269002,630135.0
2017-07-24,101.84,102.38,101.82,102.0,634445.0,0.0,1.0,101.06693569714001,101.60283657378,101.04708751653,101.22572114206999,634445.0
2017-07-21,101.07,102.63,101.07,101.93,941250.0,0.0,1.0,100.30278074343,101.85093883148001,100.30278074343,101.15625250991998,941250.0
2017-07-20,103.98,105.08,100.44,101.14,1479498.0,0.0,1.0,103.19069102306999,104.28234095695,99.677563054018,100.37224937558001,1479498.0
2017-07-19,103.43,104.96,103.43,104.91,434984.0,0.0,1.0,102.64486605612,104.16325187326001,102.64486605612,104.11363142171999,434984.0
2017-07-18,104.64,105.11,103.0,103.34,802720.0,0.0,1.0,103.8456809834,104.31211322788,102.21813017288,102.55554924334999,802720.0
2017-07-17,104.6,105.66,104.02,104.88,661938.0,0.0,1.0,103.80598462216999,104.85793819482001,103.2303873843,104.08385915079,661938.0
2017-07-14,103.96,105.06,103.73,104.7,583197.0,0.0,1.0,103.17084284245001,104.26249277634001,102.94258876536999,103.90522552525,583197.0
2017-07-13,101.62,103.6,101.2,103.52,989920.0,0.0,1.0,100.84860571036998,102.81357559135999,100.43179391743,102.73418286889999,989920.0
2017-07-12,100.24,101.33,99.83,100.72,1044842.0,0.0,1.0,99.479081247857,100.56080709143,99.072193545227,99.95543758264401,1044842.0
2017-07-11,100.7,100.7,99.22,99.45,938358.0,0.0,1.0,99.935589402028,99.935589402028,98.466824036437,98.695078113522,938358.0
2017-07-10,102.6,102.87,100.7,100.72,519602.0,0.0,1.0,101.82116656056,102.08911699887,99.935589402028,99.95543758264401,519602.0
2017-07-07,102.74,103.09,101.87,102.43,728457.0,0.0,1.0,101.96010382486999,102.30744698565,101.09670796806999,101.65245702531999,728457.0
2017-07-06,105.86,105.86,102.59,102.75,895403.0,0.0,1.0,105.05642000098,105.05642000098,101.81124247025,101.97002791518,895403.0
2017-07-05,107.42,107.88,105.66,105.92,557369.0,0.0,1.0,106.60457808903,107.0610862432,104.85793819482001,105.11596454283001,557369.0
2017-07-03,106.09,107.8,105.74,107.52,419862.0,0.0,1.0,105.28467407806,106.98169352074,104.93733091728001,106.70381899212,419862.0
2017-06-30,106.14,106.4,105.33,105.8,1031829.0,0.0,1.0,105.33429452959999,105.59232087760999,104.53044321465,104.99687545913,1031829.0
2017-06-29,105.51,106.0,105.1,105.72,1106698.0,0.0,1.0,104.7090768402,105.19535726529,104.30218913757,104.91748273667,1106698.0
2017-06-28,105.79,106.23,105.44,105.72,646935.0,0.775,1.0,104.98695136882,105.42361134238001,104.63960820804,104.91748273667,646935.0
2017-06-27,106.52,107.19,105.85,105.97,645891.0,0.0,1.0,104.94211241006,105.60218765709999,104.28203716302001,104.40025959533001,645891.0
2017-06-26,107.13,107.54,106.59,106.73,442295.0,0.0,1.0,105.54307644094999,105.94700308466,105.01107549558,105.1490016666,442295.0
2017-06-23,106.31,108.14,106.31,106.77,589032.0,0.0,1.0,104.73522315353,106.53811524618999,104.73522315353,105.18840914403,589032.0
2017-06-22,106.64,107.7,106.09,106.3,1010018.0,0.0,1.0,105.06033484237,106.1046329944,104.51848202763,104.72537128417,1010018.0
2017-06-21,105.8,107.515,105.8,106.52,1342095.0,0.0,1.0,104.23277781623001,105.92237341126999,104.23277781623001,104.94211241006,1342095.0
2017-06-20,105.21,105.72,104.365,105.32,685770.0,0.0,1.0,103.65151752406,104.15396286136,102.81903456324,103.75988808701,685770.0
2017-06-19,105.58,105.79,104.74,105.14,629181.0,0.0,1.0,104.01603669034,104.22292594687,103.1884796642,103.58255443854999,629181.0
2017-06-16,106.35,106.36,105.19,105.73,1318167.0,0.0,1.0,104.77463063096,104.78448250032,103.63181378534,104.16381473071999,1318167.0
2017-06-15,105.66,106.72,105.66,106.07,531054.0,0.0,1.0,104.09485164521,105.13914979724001,104.09485164521,104.49877828892001,531054.0
2017-06-14,107.55,107.865,105.85,106.24,616467.0,0.0,1.0,105.95685495402,106.26718883882,104.28203716302001,104.66626006802,616467.0
2017-06-13,107.14,108.17,106.19,107.17,750995.0,0.0,1.0,105.55292831031001,106.56767085427,104.61700072122,105.58248391839001,750995.0
2017-06-12,106.36,109.0,106.1,108.33,1253199.0,0.0,1.0,104.78448250032,107.38537601105,104.52833389698999,106.72530076400999,1253199.0
2017-06-09,103.6,106.5,103.35,106.18,846996.0,0.0,1.0,102.06536655729,104.92240867135,101.81906982331999,104.60714885185999,846996.0
2017-06-08,102.43,104.17,102.0,103.55,700572.0,0.0,1.0,100.91269784231,102.62692311074,100.48906745988,102.0161072105,700572.0
2017-06-07,101.95,102.41,101.66,102.33,680091.0,0.0,1.0,100.43980811309,100.89299410359001,100.15410390168002,100.81417914872,680091.0
2017-06-06,103.14,103.14,101.41,101.67,731554.0,0.0,1.0,101.61218056679,101.61218056679,99.90780716771098,100.16395577104,731554.0
2017-06-05,103.25,103.52,102.49,103.17,438164.0,0.0,1.0,101.72055112973,101.98655160242,100.97180905846001,101.64173617486,438164.0
2017-06-02,103.1,103.7,102.49,103.31,740037.0,0.0,1.0,101.57277308935,102.16388525088001,100.97180905846001,101.77966234589,740037.0
2017-06-01,100.93,102.88,100.88,102.71,808412.0,0.0,1.0,99.434917438488,101.35603196346001,99.385658091694,101.18855018435998,808412.0
2017-05-31,101.2,101.98,100.8,101.03,1216849.0,0.0,1.0,99.70091791117599,100.46936372116,99.306843136823,99.53343613207599,1216849.0
2017-05-30,102.0,102.4,101.21,101.22,720781.0,0.0,1.0,100.48906745988,100.88314223423001,99.71076978053499,99.72062164989401,720781.0
2017-05-26,102.74,103.13,101.48,101.84,455821.0,0.0,1.0,101.21810579243,101.60232869743,99.976770253223,100.33143755014,455821.0
2017-05-25,102.3,103.1,102.0325,102.66,820331.0,0.0,1.0,100.78462354065,101.57277308935,100.5210860353,101.13929083756001,820331.0
2017-05-24,103.19,103.515,102.12,102.17,498631.0,0.0,1.0,101.66143991358,101.98162566774,100.60728989219,100.65654923898,498631.0
2017-05-23,102.63,103.73,102.29,102.91,345555.0,0.0,1.0,101.10973522949,102.19344085896,100.77477167129,101.38558757153,345555.0
2017-05-22,102.51,103.36,102.31,102.5,558077.0,0.0,1.0,100.99151279718001,101.82892169268,100.79447541,100.98166092782,558077.0
2017-05-19,101.84,103.21,101.58,102.25,1075375.0,0.0,1.0,100.33143755014,101.6811436523,100.07528894680999,100.73536419385,1075375.0
2017-05-18,102.22,103.47,101.47,101.86,951970.0,0.0,1.0,100.70580858577,101.93729225563,99.966918383864,100.35114128885999,951970.0
2017-05-17,101.23,103.61,100.69,102.02,763328.0,0.0,1.0,99.730473519252,102.07521842665001,99.198472573877,100.5087711986,763328.0
2017-05-16,102.74,102.74,101.82,102.24,523196.0,0.0,1.0,101.21810579243,101.21810579243,100.31173381142,100.72551232449,523196.0
2017-05-15,102.76,104.23,102.18,102.72,584078.0,0.0,1.0,101.23780953114999,102.6860343269,100.66640110834,101.19840205372,584078.0
2017-05-12,103.28,103.77,102.54,102.7,419276.0,0.0,1.0,101.75010673781,102.23284833639,101.02106840526,101.178698315,419276.0
2017-05-11,103.79,103.945,102.17,103.47,641846.0,0.0,1.0,102.25255207511,102.40525605017,100.65654923898,101.93729225563,641846.0
2017-05-10,103.23,104.8,103.06,104.23,432219.0,0.0,1.0,101.70084739101,103.24759088035,101.53336561191,102.6860343269,432219.0
2017-05-09,104.65,104.78,103.215,103.5,505394.0,0.0,1.0,103.09981283997,103.22788714163,101.68606958698,101.96684786370001,505394.0
2017-05-08,105.7,106.03,104.24,104.74,538546.0,0.0,1.0,104.13425912264,104.45937081148001,102.69588619625,103.1884796642,538546.0
2017-05-05,105.04,105.9,104.81,105.51,333758.0,0.0,1.0,103.48403574496,104.33129650982,103.25744274971001,103.94707360482,333758.0
2017-05-04,105.01,105.11,103.79,104.86,757524.0,0.0,1.0,103.45448013688,103.55299883046999,102.25255207511,103.30670209649999,757524.0
2017-05-03,106.5,106.5,104.64,105.16,498782.0,0.0,1.0,104.92240867135,104.92240867135,103.08996097061,103.60225817726999,498782.0
2017-05-02,105.69,106.46,104.89,106.21,731684.0,0.0,1.0,104.12440725328001,104.88300119390999,103.33625770458,104.63670445993999,731684.0
2017-05-01,105.14,105.86,104.74,105.6,472403.0,0.0,1.0,103.58255443854999,104.29188903238001,103.1884796642,104.03574042905001,472403.0
2017-04-28,105.01,105.26,104.04,104.93,676266.0,0.0,1.0,103.45448013688,103.70077687084999,102.49884880908002,103.37566518201,676266.0
2017-04-27,105.91,106.31,104.74,105.13,568914.0,0.0,1.0,104.34114837918001,104.73522315353,103.1884796642,103.57270256919,568914.0
2017-04-26,108.0,108.23,105.99,106.03,842075.0,0.0,1.0,106.40018907517,106.62678207041999,104.41996333405001,104.45937081148001,842075.0
2017-04-25,107.07,108.355,106.66,108.27,676312.0,0.0,1.0,105.4839652248,106.74993043740999,105.08003858109001,106.66618954785999,676312.0
2017-04-24,108.57,108.75,106.12,107.07,1035054.0,0.0,1.0,106.96174562862,107.13907927708,104.54803763570999,105.4839652248,1035054.0
2017-04-21,106.78,108.0,106.44,107.67,996623.0,0.0,1.0,105.19826101339001,106.40018907517,104.86329745519001,106.07507738633001,996623.0
2017-04-20,106.92,107.94,104.82,106.86,1312505.0,0.0,1.0,105.33618718442,106.34107785902,103.26729461907,105.27707596826001,1312505.0
2017-04-19,108.88,109.38,107.57,107.96,592003.0,0.0,1.0,107.26715357874001,107.75974704668,105.97655869274,106.36078159773001,592003.0
2017-04-18,109.24,109.95,108.12,108.58,401282.0,0.0,1.0,107.62182087566,108.32130360014,106.51841150746999,106.97159749798,401282.0
2017-04-17,107.92,109.78,107.83,109.73,392054.0,0.0,1.0,106.3213741203,108.15382182104,106.23270729607,108.10456247424,392054.0
2017-04-13,108.78,108.82,107.7,107.85,259206.0,0.0,1.0,107.16863488515999,107.20804236259,106.1046329944,106.25241103479,259206.0
2017-04-12,109.11,109.49,108.57,108.91,441372.0,0.0,1.0,107.493746574,107.86811760963002,106.96174562862,107.29670918682,441372.0
2017-04-11,108.37,109.27,108.095,109.05,509862.0,0.0,1.0,106.76470824144,107.65137648374001,106.49378183408001,107.43463535784001,509862.0
2017-04-10,107.89,108.84,107.48,108.49,458217.0,0.0,1.0,106.29181851222,107.22774610131,105.88789186851,106.88293067375,458217.0
2017-04-07,108.63,109.35,107.49,107.61,802192.0,0.0,1.0,107.02085684477,107.73019143861,105.89774373786999,106.01596617017,802192.0
2017-04-06,107.12,108.98,106.68,108.59,580508.0,0.0,1.0,105.53322457159,107.36567227233,105.0997423198,106.98144936734,580508.0
2017-04-05,107.45,108.61,107.11,107.25,502988.0,0.0,1.0,105.85833626043001,107.00115310605999,105.52337270222999,105.66129887326001,502988.0
2017-04-04,106.8,107.64,106.24,107.36,607999.0,0.0,1.0,105.21796475211,106.04552177825,104.66626006802,105.7696694362,607999.0
2017-04-03,106.57,107.1,106.09,106.82,431471.0,0.0,1.0,104.99137175685999,105.51352083286999,104.51848202763,105.23766849083,431471.0
2017-03-31,105.09,106.86,104.45,106.62,763668.0,0.0,1.0,103.53329509174999,105.27707596826001,102.90277545279,105.04063110365,763668.0
2017-03-30,104.59,105.46,103.93,105.16,420504.0,0.0,1.0,103.04070162381001,103.89781425803001,102.39047824613,103.60225817726999,420504.0
2017-03-29,104.75,104.82,103.54,104.62,762832.0,0.775,1.0,103.19833153354999,103.26729461907,102.00625534114,103.07025723189001,762832.0
2017-03-28,105.66,105.96,103.66,105.5,538101.0,0.0,1.0,103.32941201310999,103.6227947843,101.37352687184,103.17294120180999,538101.0
2017-03-27,106.1,106.75,104.98,105.52,445481.0,0.0,1.0,103.75970674419001,104.3953694151,102.66441106508002,103.19250005321999,445481.0
2017-03-24,107.93,108.2,106.62,106.79,419785.0,0.0,1.0,105.54934164843999,105.81338614251999,104.26823688091999,104.43448711792,419785.0
2017-03-23,105.81,108.34,105.81,107.56,833087.0,0.0,1.0,103.4761033987,105.9502981024,103.4761033987,105.18750289730998,833087.0
2017-03-22,107.0,107.13,104.97,105.71,633348.0,0.0,1.0,104.63985505775999,104.76698759194001,102.65463163937001,103.37830914164,633348.0
2017-03-21,109.59,109.59,106.65,106.77,594581.0,0.0,1.0,107.1727263157,107.1727263157,104.29757515803001,104.41492826650999,594581.0
2017-03-20,109.25,109.51,108.43,108.89,329906.0,0.0,1.0,106.84022584168001,107.09449091005,106.03831293376,106.48816651625,329906.0
2017-03-17,108.58,110.08,107.89,109.31,1418442.0,0.0,1.0,106.18500431935999,107.65191817531,105.51022394562,106.89890239591999,1418442.0
2017-03-16,108.51,109.62,108.01,108.21,624430.0,0.0,1.0,106.11654833941,107.20206459282,105.6275770541,105.82316556821999,624430.0
2017-03-15,105.79,109.3,105.79,108.8,610040.0,0.0,1.0,103.45654454729,106.88912297021,103.45654454729,106.4001516849,610040.0
2017-03-14,106.41,106.43,105.28,105.71,463373.0,0.0,1.0,104.06286894108,104.0824277925,102.95779383626999,103.37830914164,463373.0
2017-03-13,106.71,107.28,106.24,106.44,829517.0,0.0,1.0,104.35625171227,104.91367897753,103.89661870407,104.0922072182,829517.0
2017-03-10,109.52,110.16,106.25,106.68,780770.0,0.0,1.0,107.10427033575,107.73015358096,103.90639812978,104.32691343514999,780770.0
2017-03-09,110.86,111.32,108.03,108.85,750095.0,0.0,1.0,108.4147133804,108.86456696289,105.64713590551001,106.44904881343001,750095.0
2017-03-08,111.78,112.01,110.69,110.78,580188.0,0.0,1.0,109.31442054538,109.53934733663,108.24846314339001,108.33647797475001,580188.0
2017-03-07,112.64,113.035,111.4,112.12,496394.0,0.0,1.0,110.15545115613001,110.54173847153,108.94280236854,109.64692101940001,496394.0
2017-03-06,112.07,113.24,111.75,112.82,662663.0,0.0,1.0,109.59802389087,110.74221669851002,109.28508226826,110.33148081883999,662663.0
2017-03-03,111.89,112.595,110.92,112.29,623212.0,0.0,1.0,109.42199422815001,110.11144374045,108.47338993464001,109.81317125640999,623212.0
2017-03-02,113.38,113.7299,111.07,111.5,842609.0,0.0,1.0,110.8791286584,111.22131076386002,108.62008132023001,109.04059662561,842609.0
2017-03-01,112.72,115.34,111.39,113.75,1087074.0,0.0,1.0,110.23368656178002,112.79589609683998,108.93302294284,111.24096740953001,1087074.0
2017-02-28,112.59,112.93,111.59,112.68,601383.0,0.0,1.0,110.1065540276,110.43905450161002,109.12861145695999,110.19456885895,601383.0
2017-02-27,112.05,113.21,111.645,112.72,362508.0,0.0,1.0,109.57846503945,110.71287842139,109.18239829835,110.23368656178002,362508.0
2017-02-24,111.92,112.18,110.57,111.74,605163.0,0.0,1.0,109.45133250527,109.70559757364,108.13111003491998,109.27530284256001,605163.0
2017-02-23,112.81,113.74,111.48,112.03,451429.0,0.0,1.0,110.32170139313999,111.23118798381999,109.02103777419,109.55890618804001,451429.0
2017-02-22,112.43,112.78,111.1001,112.42,530141.0,0.0,1.0,109.95008321629,110.29236311602,108.64951739160999,109.94030379059,530141.0
2017-02-21,111.2,112.63,110.81,112.32,533359.0,0.0,1.0,108.74721385442,110.14567173041999,108.36581625187,109.84250953351999,533359.0
2017-02-17,110.64,111.335,109.7,111.28,383801.0,0.0,1.0,108.19956601486,108.87923610145,107.28029999847,108.82544926007,383801.0
2017-02-16,111.53,112.94,110.395,110.71,574052.0,0.0,1.0,109.06993490272,110.44883392732001,107.95997008506001,108.26802199480998,574052.0
2017-02-15,110.65,111.54,109.55,111.16,524981.0,0.0,1.0,108.20934544056999,109.07971432843,107.13360861286999,108.70809615159,524981.0
2017-02-14,110.28,111.46,109.01,111.04,568132.0,0.0,1.0,107.84750668943,109.00147892278,106.60551962473,108.59074304311,568132.0
2017-02-13,110.09,110.66,108.86,110.31,389344.0,0.0,1.0,107.66169760101,108.21912486627,106.45882823913,107.87684496655001,389344.0
2017-02-10,108.96,109.87,108.67,109.79,425636.0,0.0,1.0,106.5566224962,107.44655023546999,106.27301915070998,107.36831482982001,425636.0
2017-02-09,108.64,109.21,108.23,108.99,449323.0,0.0,1.0,106.24368087359001,106.80110813886,105.84272441963002,106.58596077331998,449323.0
2017-02-08,107.68,109.02,107.2,108.47,336212.0,0.0,1.0,105.30485600579,106.61529905044,104.83544357187999,106.07743063659001,336212.0
2017-02-07,108.81,109.93,107.13,107.39,594886.0,0.0,1.0,106.4099311106,107.50522678971001,104.76698759194001,105.02125266030001,594886.0
2017-02-06,108.71,109.0,107.74,108.51,506791.0,0.0,1.0,106.31213685354,106.59574019902,105.36353256001999,106.11654833941,506791.0
2017-02-03,109.62,110.54,108.68,108.88,556851.0,0.0,1.0,107.20206459282,108.10177175780001,106.28279857642,106.47838709055,556851.0
2017-02-02,107.04,109.01,106.65,108.49,569293.0,0.0,1.0,104.67897276058001,106.60551962473,104.29757515803001,106.09698948799999,569293.0
2017-02-01,109.04,110.78,106.76,106.9,674273.0,0.0,1.0,106.63485790185,108.33647797475001,104.4051488408,104.54206080069,674273.0
2017-01-31,108.85,110.29,108.82,108.97,739628.0,0.0,1.0,106.44904881343001,107.85728611514,106.41971053631,106.56640192190001,739628.0
2017-01-30,109.15,109.97,108.31,109.04,549456.0,0.0,1.0,106.74243158462,107.54434449253999,105.92095982529,106.63485790185,549456.0
2017-01-27,110.25,110.62,107.82,109.6,725587.0,0.0,1.0,107.81816841230999,108.18000716345,105.44176796568001,107.18250574139999,725587.0
2017-01-26,109.5,111.01,109.34,110.02,661882.0,0.0,1.0,107.08471148434,108.56140476600001,106.92824067304001,107.59324162107,661882.0
2017-01-25,109.66,110.494,108.16,108.73,695315.0,0.0,1.0,107.24118229564002,108.05678639955,105.77426843969,106.33169570495001,695315.0
2017-01-24,109.9,110.33,109.02,109.38,528067.0,0.0,1.0,107.47588851259,107.89640381795999,106.61529905044,106.96735837586,528067.0
2017-01-23,107.85,109.75,107.84,109.61,383999.0,0.0,1.0,105.47110624279,107.32919712700001,105.46132681709,107.19228516711,383999.0
2017-01-20,107.41,108.13,106.64,108.1,452141.0,0.0,1.0,105.04081151172,105.74493016257,104.28779573233,105.71559188545,452141.0
2017-01-19,108.52,108.97,106.9,107.33,665950.0,0.0,1.0,106.12632776512,106.56640192190001,104.54206080069,104.96257610605998,665950.0
2017-01-18,108.07,109.56,107.41,108.87,702205.0,0.0,1.0,105.68625360833,107.14338803858,105.04081151172,106.46860766484001,702205.0
2017-01-17,106.31,108.23,105.78,108.01,951385.0,0.0,1.0,103.96507468402001,105.84272441963002,103.44676512158001,105.6275770541,951385.0
2017-01-13,106.07,106.87,106.05,106.46,532652.0,0.0,1.0,103.73036846707,104.51272252357,103.71080961565,104.11176606961,532652.0
2017-01-12,105.08,106.27,104.27,106.17,527277.0,0.0,1.0,102.76220532214,103.92595698119,101.97007183993,103.82816272413,527277.0
2017-01-11,106.12,106.575,104.94,105.05,623965.0,0.0,1.0,103.7792655956,104.22422946524,102.62529336225,102.73286704501999,623965.0
2017-01-10,107.08,107.19,105.63,106.05,666119.0,0.0,1.0,104.71809046341,104.82566414618,103.30007373599001,103.71080961565,666119.0
2017-01-09,110.31,111.0199,106.88,107.44,930164.0,0.0,1.0,107.87684496655001,108.57108639744,104.52250194928001,105.07014978883001,930164.0
2017-01-06,109.13,111.0,108.57,110.49,589128.0,0.0,1.0,106.72287273319999,108.55162534028999,106.17522489365,108.05287462927,589128.0
2017-01-05,109.76,110.25,107.97,109.32,571410.0,0.0,1.0,107.3389765527,107.81816841230999,105.58845935126999,106.90868182163,571410.0
2017-01-04,108.58,110.85,107.06,110.68,1115365.0,0.0,1.0,106.18500431935999,108.40493395469,104.69853161198999,108.23868371769001,1115365.0
2017-01-03,108.71,108.92,107.14,108.53,643905.0,0.0,1.0,106.31213685354,106.51750479337,104.77676701764,106.13610719081998,643905.0
2016-12-30,105.02,107.63,104.76,107.55,820249.0,0.0,1.0,102.70352876790001,105.25595887725001,102.44926369954,105.1777234716,820249.0
2016-12-29,104.77,106.06,103.95,105.1,671509.0,0.775,1.0,102.45904312524,103.72058904136,101.65713021732,102.78176417355,671509.0
2016-12-28,105.95,105.95,104.53,105.09,564557.0,0.0,1.0,102.85457297934,102.85457297934,101.47605958972,102.01969867295,564557.0
2016-12-27,105.98,106.71,105.12,106.0,518556.0,0.0,1.0,102.88369650166,103.59236887801,102.04882219527,102.9031121832,518556.0
2016-12-23,107.07,107.59,104.9,105.59,583763.0,0.0,1.0,103.94185114580999,104.44665886595,101.83524969828001,102.50509071155001,583763.0
2016-12-22,107.54,107.99,105.62,106.8,755969.0,0.0,1.0,104.39811966209,104.83497249683,102.53421423386999,103.67973944496,755969.0
2016-12-21,110.36,110.75,107.27,107.61,1052055.0,0.0,1.0,107.13573075979001,107.5143365499,104.13600796125,104.46607454749001,1052055.0
2016-12-20,110.27,111.71,109.54,110.3,567453.0,0.0,1.0,107.04836019285,108.44628926400999,106.33968781649,107.07748371515999,567453.0
2016-12-19,110.18,111.02,109.53,110.11,661002.0,0.0,1.0,106.9609896259,107.77644825075001,106.32997997571998,106.89303474049,661002.0
2016-12-16,108.93,110.74,108.77,109.59,1374245.0,0.0,1.0,105.7475095294,107.50462870913,105.59218407704999,106.38822702035,1374245.0
2016-12-15,110.65,110.94,107.59,107.95,889958.0,0.0,1.0,107.41725814218,107.69878552456998,104.44665886595,104.79614113374001,889958.0
2016-12-14,112.8,113.41,110.34,110.65,1507874.0,0.0,1.0,109.50444390816,110.09662219524999,107.11631507825001,107.41725814218,1507874.0
2016-12-13,113.34,113.765,111.44,112.73,865510.0,0.0,1.0,110.02866730985001,110.44125054266,108.18417756317,109.43648902275999,865510.0
2016-12-12,110.07,112.91,110.07,112.89,836819.0,0.0,1.0,106.85420337740999,109.61123015665001,106.85420337740999,109.59181447511,836819.0
2016-12-09,110.89,112.34,109.75,110.58,533027.0,0.0,1.0,107.65024632071,109.05788323265,106.5435524727,107.34930325678002,533027.0
2016-12-08,110.12,111.2099,109.02,110.75,1241334.0,0.0,1.0,106.90274258126999,107.96080014701,105.83488009635,107.5143365499,1241334.0
2016-12-07,110.17,111.37,109.45,111.01,1051884.0,0.0,1.0,106.95128178513,108.11622267777001,106.25231724954,107.76674040997,1051884.0
2016-12-06,108.95,110.64,108.75,109.77,931073.0,0.0,1.0,105.76692521094,107.40755030140998,105.57276839549999,106.56296815424999,931073.0
2016-12-05,108.25,109.0,105.92,108.23,1480263.0,0.0,1.0,105.08737635690001,105.81546441479999,102.82544945703,105.06796067536,1480263.0
2016-12-02,105.84,107.69,105.31,107.42,958217.0,0.0,1.0,102.74778673085,104.54373727366999,102.23327116993,104.28162557283001,958217.0
2016-12-01,105.11,106.92,104.84,105.37,1276151.0,0.0,1.0,102.03911435449,103.79623353423,101.77700265365,102.29151821456999,1276151.0
2016-11-30,105.67,106.2799,104.4,105.36,751494.0,0.0,1.0,102.58275343773,103.17483464640999,101.34985765968,102.28181037379,751494.0
2016-11-29,105.08,106.57,104.48,106.03,922960.0,0.0,1.0,102.00999083218001,103.45645910721001,101.42752038586,102.93223570552,922960.0
2016-11-28,104.78,106.6699,104.14,104.89,811068.0,0.0,1.0,101.71875560902001,103.55344043652,101.09745379961001,101.82554185750999,811068.0
2016-11-25,106.0,106.49,105.01,105.17,194614.0,0.0,1.0,102.9031121832,103.37879638103,101.94203594677,102.09736139913,194614.0
2016-11-23,105.07,105.71,104.02,105.38,547908.0,0.0,1.0,102.00028299140999,102.62158480081,100.98095971034999,102.30122605534001,547908.0
2016-11-22,105.15,106.62,104.54,106.07,922405.0,0.0,1.0,102.07794571758001,103.50499831107,101.48576743049,102.97106706861,922405.0
2016-11-21,103.87,105.88,103.87,104.82,1077228.0,0.0,1.0,100.83534209876998,102.78661809394,100.83534209876998,101.75758697211,1077228.0
2016-11-18,104.59,104.69,102.89,103.42,730218.0,0.0,1.0,101.53430663434999,101.63138504207,99.883973703111,100.39848926403,730218.0
2016-11-17,104.1,106.25,103.59,104.49,919580.0,0.0,1.0,101.05862243652001,103.1458082025,100.56352255715,101.43722822663,919580.0
2016-11-16,105.77,106.01,103.16,104.02,1000391.0,0.0,1.0,102.67983184545,102.91282002397,100.14608540395001,100.98095971034999,1000391.0
2016-11-15,107.45,108.23,105.52,106.11,1394038.0,0.0,1.0,104.31074909514,105.06796067536,102.43713582615,103.00989843169,1394038.0
2016-11-14,103.62,108.65,103.55,107.39,1714188.0,0.0,1.0,100.59264607946999,105.47568998778,100.52469119406,104.25250205051,1714188.0
2016-11-11,101.5,105.72,101.41,103.51,1643780.0,0.0,1.0,98.53458383580299,102.63129264159001,98.447213268855,100.48585983097,1643780.0
2016-11-10,99.59,104.06,99.0,101.77,2289272.0,0.0,1.0,96.680386248351,101.01979107343,96.107623642803,98.796695536647,2289272.0
2016-11-09,96.47,100.0,95.06,99.43,952494.0,0.0,1.0,93.651539927487,97.078407720003,92.28273437863501,96.525060795999,952494.0
2016-11-08,98.7,98.74,97.65,98.15,566655.0,0.0,1.0,95.816388419643,95.855219782731,94.797065138583,95.282457177183,566655.0
2016-11-07,97.97,99.21,97.48,98.63,872352.0,0.0,1.0,95.10771604328698,96.31148829901501,94.632031845459,95.74843353423901,872352.0
2016-11-04,94.27,96.12,93.9,96.05,918163.0,0.0,1.0,91.515814957646,93.31176550046699,91.156624849082,93.243810615063,918163.0
2016-11-03,95.32,95.87,94.08,94.23,699911.0,0.0,1.0,92.535138238707,93.06906948116699,91.331365982978,91.47698359455799,699911.0
2016-11-02,97.04,97.62,95.47,95.47,832153.0,0.0,1.0,94.204886851491,94.767941616267,92.680755850287,92.680755850287,832153.0
2016-11-01,98.02,98.405,96.76,96.91,1188386.0,0.0,1.0,95.156255247147,95.53000711686899,93.93306730987499,94.07868492145501,1188386.0
2016-10-31,96.37,98.31,95.56,98.22,1051300.0,0.0,1.0,93.554461519767,95.43778262953501,92.768126417235,95.350412062587,1051300.0
2016-10-28,97.03,97.84,95.25,95.81,570998.0,0.0,1.0,94.19517901071899,94.981514113251,92.467183353303,93.010822436535,570998.0
2016-10-27,98.91,98.91,96.28,96.79,993415.0,0.0,1.0,96.02025307585501,96.02025307585501,93.467090952819,93.96219083219101,993415.0
2016-10-26,100.22,100.22,98.59,98.83,593059.0,0.0,1.0,97.291980216987,97.291980216987,95.709602171151,95.942590349679,593059.0
2016-10-25,101.27,101.355,99.78,100.5,1027616.0,0.0,1.0,98.31130349804701,98.393820144609,96.86483522301901,97.563799758603,1027616.0
2016-10-24,102.74,102.74,101.02,101.83,948671.0,0.0,1.0,99.73835609153099,99.73835609153099,98.06860747874701,98.85494258127899,948671.0
2016-10-21,103.5,104.14,102.08,103.61,967487.0,0.0,1.0,100.47615199020001,101.09745379961001,99.09763860057899,100.58293823868999,967487.0
2016-10-20,108.0,108.445,103.2701,104.52,1146629.0,0.0,1.0,104.8446803376,105.27667925195999,100.25296873084999,101.46635174895,1146629.0
2016-10-19,105.3,105.77,104.64,105.7,643567.0,0.0,1.0,102.22356332916,102.67983184545,101.58284583820999,102.61187696004,643567.0
2016-10-18,106.41,106.41,105.115,105.33,552567.0,0.0,1.0,103.30113365485,103.30113365485,102.04396827488002,102.25268685148001,552567.0
2016-10-17,105.32,106.14,104.95,105.17,661480.0,0.0,1.0,102.24297901070999,103.03902195401,101.88378890214001,102.09736139913,661480.0
2016-10-14,106.14,106.5599,104.98,105.07,769241.0,0.0,1.0,103.03902195401,103.44665418803001,101.91291242445999,102.00028299140999,769241.0
2016-10-13,104.8,105.78,104.6725,105.59,695085.0,0.0,1.0,101.73817129056,102.68953968622,101.61439632071999,102.50509071155001,695085.0
2016-10-12,104.91,105.49,104.05,105.36,593342.0,0.0,1.0,101.84495753905,102.40801230383002,101.01008323266,102.28181037379,593342.0
2016-10-11,105.77,106.29,104.13,104.62,1101060.0,0.0,1.0,102.67983184545,103.18463956559,101.08774595884,101.56343015667,1101060.0
2016-10-10,104.94,106.4,104.51,105.98,581435.0,0.0,1.0,101.87408106136999,103.29142581408001,101.45664390817,102.88369650166,581435.0
2016-10-07,105.6,106.86,104.28,104.75,888531.0,0.0,1.0,102.51479855232,103.73798648959,101.23336357042,101.6896320867,888531.0
2016-10-06,102.93,105.29,102.39,104.99,985292.0,0.0,1.0,99.922805066199,102.21385548839001,99.398581664511,101.92262026523001,985292.0
2016-10-05,106.29,106.69,103.3,103.58,805417.0,0.0,1.0,103.18463956559,103.57295319647,100.28199517476,100.55381471638,805417.0
2016-10-04,107.26,108.88,105.51,106.04,684950.0,0.0,1.0,104.12630012046999,105.69897032554,102.42742798536999,102.94194354628999,684950.0
2016-10-03,107.89,108.0,106.68,107.03,920496.0,0.0,1.0,104.73789408910999,104.8446803376,103.56324535569999,103.90301978272,920496.0
2016-09-30,108.53,109.15,107.5,108.1,1196314.0,0.0,1.0,105.35919589852,105.96108202638,104.359288299,104.94175874532,1196314.0
2016-09-29,109.66,110.19,107.9,107.91,798364.0,0.0,1.0,106.45618190575001,106.97069746667,104.74760192988,104.75730977065001,798364.0
2016-09-28,110.27,110.945,109.72,110.39,583770.0,0.72,1.0,107.04836019285,107.70363944496,106.51442895039,107.16485428211,583770.0
2016-09-27,112.43,112.59,110.51,110.79,854672.0,0.0,1.0,108.43798548229,108.59230441565,106.58615828203001,106.85621641540001,854672.0
2016-09-26,113.39,113.685,112.1,112.29,685298.0,0.0,1.0,109.36389908243,109.6484246158,108.11970268225001,108.30295641560998,685298.0
2016-09-23,113.1,114.7,112.25,113.83,522801.0,0.0,1.0,109.08419601571998,110.62738534928002,108.26437668227,109.78827614916,522801.0
2016-09-22,112.98,114.04,112.94,113.68,679088.0,0.0,1.0,108.9684568157,109.99081974918,108.92987708237,109.64360214913,679088.0
2016-09-21,110.51,112.5,109.29,112.15,580796.0,0.0,1.0,106.58615828203001,108.50550001564001,105.40947641519001,108.16792734892,580796.0
2016-09-20,111.24,111.41,110.09,110.23,395817.0,0.0,1.0,107.29023841546,107.45420228215,106.18107108196999,106.31610014866,395817.0
2016-09-19,110.36,110.6375,110.01,110.37,771255.0,0.0,1.0,106.44148428201001,106.70913118205,106.10391161528999,106.45112921534,771255.0
2016-09-16,109.83,110.41,109.6,109.91,1303822.0,0.0,1.0,105.93030281527001,106.48970894868,105.70846934857,106.00746228194001,1303822.0
2016-09-15,110.35,111.075,109.92,110.62,662857.0,0.0,1.0,106.43183934866998,107.13109701544,106.01710721527999,106.69225254871,662857.0
2016-09-14,110.9,111.49,110.28,110.8,422608.0,0.0,1.0,106.96231068208,107.53136174883001,106.36432481533001,106.86586134873001,422608.0
2016-09-13,112.64,113.08,110.36,110.8,773906.0,0.0,1.0,108.64052908232,109.06490614905,106.44148428201001,106.86586134873001,773906.0
2016-09-12,110.61,114.53,110.6,113.93,683163.0,0.0,1.0,106.68260761536999,110.46342148259,106.67296268204001,109.8847254825,683163.0
2016-09-09,115.45,115.45,111.0,111.0,733635.0,0.0,1.0,111.35075534938,111.35075534938,107.05876001543001,107.05876001543001,733635.0
2016-09-08,117.88,118.14,116.26,116.59,1061461.0,0.0,1.0,113.69447414972,113.94524241642,112.13199494949,112.45027774953999,1061461.0
2016-09-07,117.08,118.87,116.39,118.44,672096.0,0.0,1.0,112.92287948293999,114.64932254986,112.25737908283999,114.23459041646002,672096.0
2016-09-06,116.93,117.42,116.1,117.34,413854.0,0.0,1.0,112.77820548292,113.25080721632,111.97767601613998,113.17364774963998,413854.0
2016-09-02,116.21,118.01,115.87,116.77,450509.0,0.0,1.0,112.08377028282,113.81985828306999,111.75584254943999,112.62388654956001,450509.0
2016-09-01,117.73,117.85,114.78,115.53,761943.0,0.0,1.0,113.54980014969999,113.66553934971,110.70454481594999,111.42791481606001,761943.0
2016-08-31,115.44,117.84,114.79,117.72,1576270.0,0.0,1.0,111.34111041605,113.65589441638001,110.71418974928999,113.54015521636002,1576270.0
2016-08-30,115.7,116.02,114.12,115.25,589983.0,0.0,1.0,111.59187868274999,111.90051654946001,110.06797921586,111.15785668269,589983.0
2016-08-29,114.63,115.73,114.63,115.56,452037.0,0.0,1.0,110.55987081593,111.62081348275,110.55987081593,111.45684961606001,452037.0
2016-08-26,115.93,116.35799999999999,113.51,114.26,852385.0,0.0,1.0,111.81371214945,112.22651529616999,109.47963828243999,110.20300828254999,852385.0
2016-08-25,115.64,117.4,115.27,115.52,615132.0,0.0,1.0,111.53400908273998,113.23151734965,111.17714654936,111.41826988272,615132.0
2016-08-24,115.96,116.41,114.46,115.49,683102.0,0.0,1.0,111.84264694945,112.27666894951,110.39590694924,111.38933508272,683102.0
2016-08-23,116.81,116.81,115.95,115.95,439729.0,0.0,1.0,112.66246628290001,112.66246628290001,111.83300201611999,111.83300201611999,439729.0
2016-08-22,115.49,116.35,114.83,116.19,443602.0,0.0,1.0,111.38933508272,112.21879934951001,110.75276948263,112.06448041615,443602.0
2016-08-19,117.37,117.37,115.1,115.45,907419.0,0.0,1.0,113.20258254965,113.20258254965,111.01318268267,111.35075534938,907419.0
2016-08-18,118.34,118.63,117.3,117.8,762996.0,0.0,1.0,114.13814108312,114.41784414982,113.1350680163,113.61731468304,762996.0
2016-08-17,118.58,118.58,116.56,118.3,763202.0,0.0,1.0,114.36961948315,114.36961948315,112.42134294953999,114.09956134978,763202.0
2016-08-16,118.56,119.03,117.72,118.22,746473.0,0.0,1.0,114.35032961648001,114.80364148321001,113.54015521636002,114.02240188309999,746473.0
2016-08-15,118.41,119.91,118.3,119.2,542386.0,0.0,1.0,114.20565561646002,115.65239561666999,114.09956134978,114.9676053499,542386.0
2016-08-12,118.74,120.63,118.59,119.15,603133.0,0.0,1.0,114.5239384165,116.34683081677,114.37926441648001,114.91938068323,603133.0
2016-08-11,118.31,119.25,117.77,118.84,1043988.0,0.0,1.0,114.10920628311001,115.01583001658001,113.58837988303999,114.62038774985001,1043988.0
2016-08-10,118.19,118.71,117.2,117.77,595861.0,0.0,1.0,113.9934670831,114.4950036165,113.03861868296002,113.58837988303999,595861.0
2016-08-09,117.61,118.06,116.97,118.0,563338.0,0.0,1.0,113.43406094968,113.86808294973999,112.81678521626002,113.81021334974,563338.0
2016-08-08,117.85,118.355,117.21,117.69,658413.0,0.0,1.0,113.66553934971,114.15260848312,113.04826361629,113.51122041636002,658413.0
2016-08-05,117.59,117.94,117.1,117.56,417656.0,0.0,1.0,113.41477108301001,113.75234374973,112.94216934961,113.38583628301001,417656.0
2016-08-04,116.1,117.21,115.57,117.01,468836.0,0.0,1.0,111.97767601613998,113.04826361629,111.46649454940001,112.85536494959999,468836.0
2016-08-03,116.2,116.61,115.5,116.28,505475.0,0.0,1.0,112.07412534948999,112.46956761621,111.39898001604999,112.15128481616001,505475.0
2016-08-02,117.18,117.71,115.7,116.03,848715.0,0.0,1.0,113.01932881629,113.53051028303001,111.59187868274999,111.91016148278999,848715.0
2016-08-01,117.8,117.92,117.02,117.49,567864.0,0.0,1.0,113.61731468304,113.73305388306002,112.86500988293001,113.31832174966002,567864.0
2016-07-29,116.37,118.42,116.23,117.82,700972.0,0.0,1.0,112.23808921618,114.21530054978999,112.10306014948999,113.63660454971,700972.0
2016-07-28,115.88,117.4,115.6,116.3,542089.0,0.0,1.0,111.76548748277,113.23151734965,111.4954293494,112.17057468283001,542089.0
2016-07-27,116.05,116.5,114.95,115.94,582466.0,0.0,1.0,111.92945134946001,112.36347334953001,110.86850868264,111.82335708277999,582466.0
2016-07-26,115.92,116.68,114.91,116.01,632690.0,0.0,1.0,111.80406721611,112.53708214955,110.82992894931002,111.89087161613001,632690.0
2016-07-25,115.13,116.33,115.0,115.66,597918.0,0.0,1.0,111.04211748267001,112.19950948283999,110.91673334932,111.55329894941002,597918.0
2016-07-22,113.02,115.8,113.02,114.82,1049015.0,0.0,1.0,109.00703654904,111.6883280161,109.00703654904,110.74312454928999,1049015.0
2016-07-21,110.44,113.45,109.67,113.13,1009579.0,0.0,1.0,106.51864374868,109.42176868243999,105.77598388191,109.11313081573,1009579.0
2016-07-20,110.75,111.19,109.58,110.9,735527.0,0.0,1.0,106.81763668206,107.24201374879,105.6891794819,106.96231068208,735527.0
2016-07-19,110.31,111.06,109.13,110.88,607741.0,0.0,1.0,106.39325961533001,107.11662961544,105.25515748184,106.94302081541001,607741.0
2016-07-18,109.37,110.29,108.25,110.25,596936.0,0.0,1.0,105.48663588187,106.37396974865999,104.40640334838001,106.33539001532,596936.0
2016-07-15,106.74,109.64,106.74,109.17,542816.0,0.0,1.0,102.95001841484002,105.74704908191,102.95001841484002,105.29373721517,542816.0
2016-07-14,109.29,110.05,108.23,108.71,538133.0,0.0,1.0,105.40947641519001,106.14249134863,104.38711348170999,104.85007028178002,538133.0
2016-07-13,109.29,109.85,108.27,109.21,520408.0,0.0,1.0,105.40947641519001,105.94959268194,104.42569321504999,105.33231694851,520408.0
2016-07-12,107.26,109.25,106.64,109.02,894999.0,0.0,1.0,103.45155494823999,105.37089668185,102.85356908149001,105.14906321515,894999.0
2016-07-11,106.04,107.28,105.31,107.05,562896.0,0.0,1.0,102.27487308140999,103.47084481491,101.57079294796999,103.24901134820999,562896.0
2016-07-08,103.38,106.06,103.38,105.98,641410.0,0.0,1.0,99.70932081437,102.29416294808,99.70932081437,102.2170034814,641410.0
2016-07-07,103.11,103.11,101.36,102.56,402597.0,0.0,1.0,99.44890761433201,99.44890761433201,97.761044280756,98.918436280922,402597.0
2016-07-06,103.42,103.71,102.82,103.32,406393.0,0.0,1.0,99.74790054770901,100.02760361441999,99.16920454762501,99.651451214361,406393.0
2016-07-05,103.46,103.92,103.07,103.78,702530.0,0.0,1.0,99.78648028104799,100.23014721444001,99.41032788099301,100.09511814775999,702530.0
2016-07-01,105.73,106.04,103.91,104.18,922832.0,0.0,1.0,101.97588014803001,102.27487308140999,100.22050228111,100.48091548114999,922832.0
2016-06-30,103.17,106.52,102.44,106.47,1094760.0,0.0,1.0,99.50677721434099,102.73782988146999,98.80269708090599,102.6896052148,1094760.0
2016-06-29,100.78,103.04,100.72,103.02,848111.0,0.0,1.0,97.201638147342,99.381393080989,97.143768547333,99.36210321431999,848111.0
2016-06-28,99.02,99.98,98.69,99.93,968545.0,0.72,1.0,95.50412988043001,96.43004348056401,95.185847080385,96.38181881388999,968545.0
2016-06-27,101.29,101.81,97.05,97.91,1112415.0,0.0,1.0,96.994678863974,97.49262765466601,92.934481032171,93.758011724471,1112415.0
2016-06-24,101.69,104.63,101.47,102.16,1401309.0,0.0,1.0,97.377716395276,100.19304225035,97.16704575306,97.82778549455601,1401309.0
2016-06-23,103.47,105.37,103.01,105.37,707566.0,0.0,1.0,99.08223340957,100.90166168325001,98.641740248573,100.90166168325001,707566.0
2016-06-22,102.41,103.22,101.9,102.58,518239.0,0.0,1.0,98.067183951619,98.84283495250601,97.578811099209,98.229974902423,518239.0
2016-06-21,102.35,102.59,100.64,102.19,546267.0,0.0,1.0,98.009728321924,98.239550840705,96.37224287560801,97.856513309403,546267.0
2016-06-20,101.19,103.41,101.1,102.25,1026346.0,0.0,1.0,96.898919481148,99.024777779875,96.812736036605,97.91396893909901,1026346.0
2016-06-17,99.76,100.42,99.26,100.32,741761.0,0.0,1.0,95.529560306743,96.161572233392,95.050763392615,96.065812850566,741761.0
2016-06-16,99.04,99.96,98.01,99.86,389664.0,0.0,1.0,94.840092750399,95.721079072394,93.85377110729601,95.625319689569,389664.0
2016-06-15,98.54,100.62,98.18,99.73,875777.0,0.0,1.0,94.36129583627199,96.353090999043,94.01656205809999,95.50083249189501,875777.0
2016-06-14,99.43,99.92,97.92,98.42,665624.0,0.0,1.0,95.213554343419,95.682775319264,93.76758766275299,94.24638457688101,665624.0
2016-06-13,99.97,101.44,99.23,99.46,601760.0,0.0,1.0,95.730655010677,97.138317938212,95.02203557776801,95.242282158266,601760.0
2016-06-10,100.93,102.92,99.855,99.97,548904.0,0.0,1.0,96.649945085802,98.55555680403,95.620531720427,95.730655010677,548904.0
2016-06-09,100.97,101.98,100.61,101.48,334018.0,0.0,1.0,96.688248838932,97.65541860546999,96.34351506076,97.17662169134199,334018.0
2016-06-08,100.67,101.38,100.45,101.3,267968.0,0.0,1.0,96.400970690455,97.080862308517,96.190300048239,97.004254802256,267968.0
2016-06-07,100.49,101.39,99.47,100.79,380816.0,0.0,1.0,96.228603801369,97.090438246799,95.251858096549,96.515881949846,380816.0
2016-06-06,101.69,102.18,99.93,100.44,583730.0,0.0,1.0,97.377716395276,97.846937371121,95.69235125754601,96.18072410995701,583730.0
2016-06-03,102.62,104.71,101.37,101.53,625443.0,0.0,1.0,98.268278655553,100.26964975661,97.07128637023399,97.224501382755,625443.0
2016-06-02,101.19,102.06,100.12,102.06,626250.0,0.0,1.0,96.898919481148,97.73202611173001,95.87429408491501,97.73202611173001,626250.0
2016-06-01,101.03,101.79,100.71,101.43,450465.0,0.0,1.0,96.745704468627,97.473475778101,96.439274443586,97.128741999929,450465.0
2016-05-31,100.74,101.71,100.28,101.36,547990.0,0.0,1.0,96.468002258433,97.39686827184099,96.02750909743601,97.06171043195101,547990.0
2016-05-27,100.57,101.63,99.69,100.58,328498.0,0.0,1.0,96.30521130763,97.32026076558,95.46252873876499,96.314787245912,328498.0
2016-05-26,100.43,100.96,99.63,100.37,414699.0,0.0,1.0,96.171148171674,96.67867290064899,95.40507310907,96.113692541979,414699.0
2016-05-25,100.32,100.75,98.97,100.39,601569.0,0.0,1.0,96.065812850566,96.47757819671601,94.773061182421,96.13284441854401,601569.0
2016-05-24,100.57,100.6,99.62,100.09,706830.0,0.0,1.0,96.30521130763,96.33393912247699,95.395497170787,95.84556627006701,706830.0
2016-05-23,99.49,99.98,98.85,99.69,340032.0,0.0,1.0,95.27100997311399,95.74023094895901,94.658149923031,95.46252873876499,340032.0
2016-05-20,99.02,99.97,98.5,99.34,771503.0,0.0,1.0,94.820940873834,95.730655010677,94.322992083141,95.127370898876,771503.0
2016-05-19,98.55,99.48,97.29,98.33,687012.0,0.0,1.0,94.370871774554,95.261434034832,93.16430355095301,94.160201132338,687012.0
2016-05-18,100.57,100.94,98.11,99.29,941387.0,0.0,1.0,96.30521130763,96.659521024084,93.949530490122,95.079491207463,941387.0
2016-05-17,102.49,103.66,100.48,101.04,737295.0,0.0,1.0,98.14379145788,99.264176236939,96.219027863087,96.75528040691,737295.0
2016-05-16,102.04,103.61,101.37,102.73,505212.0,0.0,1.0,97.712874235165,99.216296545526,97.07128637023399,98.37361397666099,505212.0
2016-05-13,103.89,104.31,101.47,101.99,869218.0,0.0,1.0,99.48442281743701,99.88661222530399,97.16704575306,97.664994543752,869218.0
2016-05-12,105.1,105.1,103.2,104.1,921720.0,0.0,1.0,100.64311134963002,100.64311134963002,98.823683075941,99.685517521371,921720.0
2016-05-11,106.29,106.555,104.48,104.6,1233326.0,0.0,1.0,101.78264800525,102.03641036974001,100.04940317611,100.16431443549999,1233326.0
2016-05-10,106.245,106.45,105.62,106.42,803749.0,0.0,1.0,101.73955628298,101.93586301777,101.14106014032,101.90713520292,803749.0
2016-05-09,105.13,105.98,103.41,105.61,957467.0,0.0,1.0,100.67183916446999,101.48579391849,99.024777779875,101.13148420204,957467.0
2016-05-06,104.68,104.98,102.305,104.91,1293596.0,0.0,1.0,100.24092194176,100.52820009024,97.966636599653,100.46116852226,1293596.0
2016-05-05,105.2,105.785,104.15,104.71,1273571.0,0.0,1.0,100.73887073245001,101.29906312198,99.733397212784,100.26964975661,1273571.0
2016-05-04,104.45,105.93,103.99,105.23,804132.0,0.0,1.0,100.02067536125999,101.43791422708,99.58018220026301,100.7675985473,804132.0
2016-05-03,105.79,105.99,104.15,105.14,724621.0,0.0,1.0,101.30385109112,101.49536985677,99.733397212784,100.68141510275998,724621.0
2016-05-02,105.97,106.93,105.43,106.72,521047.0,0.0,1.0,101.47621798021,102.39550805533001,100.95911731295,102.19441335139999,521047.0
2016-04-29,105.26,105.53,102.57,105.08,1144256.0,0.0,1.0,100.79632636215,101.05487669578001,98.22039896413999,100.62395947306,1144256.0
2016-04-28,105.32,106.61,105.13,105.64,457160.0,0.0,1.0,100.85378199184,102.08907803029,100.67183916446999,101.16021201688,457160.0
2016-04-27,106.5,107.15,105.39,106.25,531953.0,0.0,1.0,101.98374270918,102.60617869754999,100.92081355982,101.74434425212,531953.0
2016-04-26,106.13,106.68,105.56,106.59,586362.0,0.0,1.0,101.62943299273,102.15610959826999,101.08360451062,102.06992615373001,586362.0
2016-04-25,105.07,105.91,105.01,105.91,636256.0,0.0,1.0,100.61438353478,101.41876235051001,100.55692790508002,101.41876235051001,636256.0
2016-04-22,105.43,106.34,105.02,105.25,853902.0,0.0,1.0,100.95911731295,101.83052769666,100.56650384337,100.78675042386,853902.0
2016-04-21,106.5,108.76,103.71,105.18,2090527.0,0.0,1.0,101.98374270918,104.14790476104,99.312055928351,100.71971885589001,2090527.0
2016-04-20,102.04,102.639,101.69,102.12,1219156.0,0.0,1.0,97.712874235165,98.28647293829,97.377716395276,97.78948174142499,1219156.0
2016-04-19,101.54,102.41,101.02,102.36,753582.0,0.0,1.0,97.234077321037,98.067183951619,96.736128530345,98.01930426020701,753582.0
2016-04-18,99.85,101.22,99.61,101.21,915127.0,0.0,1.0,95.61574375128599,96.927647295996,95.385921232505,96.91807135771299,915127.0
2016-04-15,99.04,100.78,98.4,100.47,1012344.0,0.0,1.0,94.840092750399,96.506306011563,94.22723270031601,96.209451924804,1012344.0
2016-04-14,98.65,99.52,98.115,99.23,485334.0,0.0,1.0,94.46663115738001,95.299737787962,93.954318459263,95.02203557776801,485334.0
2016-04-13,99.32,99.53,98.26,98.9,570874.0,0.0,1.0,95.108219022311,95.30931372624399,94.09316956435998,94.706029614444,570874.0
2016-04-12,98.86,99.27,98.32,99.1,1284234.0,0.0,1.0,94.667725861313,95.060339330898,94.15062519405599,94.897548380095,1284234.0
2016-04-11,97.11,98.18,96.56,97.85,1133182.0,0.0,1.0,92.991936661867,94.01656205809999,92.465260056326,93.700556094776,1133182.0
2016-04-08,96.81,97.47,96.4,96.93,747440.0,0.0,1.0,92.70465851339,93.336670440039,92.31204504380501,92.819569772781,747440.0
2016-04-07,96.32,96.51,95.17,95.65,760639.0,0.0,1.0,92.235437537545,92.417380364914,91.134204635052,91.593849672614,760639.0
2016-04-06,95.62,96.955,94.39,96.87,893016.0,0.0,1.0,91.565121857766,92.84350961848699,90.387281449012,92.762114143085,893016.0
2016-04-05,95.55,95.91,95.3,95.51,880668.0,0.0,1.0,91.498090289788,91.84282406796,91.25869183272499,91.459786536658,880668.0
2016-04-04,96.62,97.4,95.902,96.31,674724.0,0.0,1.0,92.522715686022,93.26963887206101,91.83516331733401,92.225861599262,674724.0
2016-04-01,96.31,96.96,95.65,96.66,667897.0,0.0,1.0,92.225861599262,92.848297587628,91.593849672614,92.56101943915199,667897.0
2016-03-31,95.7,97.13,95.46,96.88,1423468.0,0.0,1.0,91.641729364027,93.011088538432,91.411906845246,92.771690081368,1423468.0
2016-03-30,96.67,97.21,95.72,95.86,546109.0,0.0,1.0,92.570595377434,93.087696044692,91.660881240592,91.794944376548,546109.0
2016-03-29,93.55,96.96,93.42,96.24,871073.0,0.72,1.0,89.58290263327801,92.848297587628,89.45841543560499,92.158830031285,871073.0
2016-03-28,94.48,95.05,93.21799999999999,94.2,550461.0,0.0,1.0,89.80163223345501,90.34340753376199,88.602122708914,89.535496998216,550461.0
2016-03-24,93.7,94.38,92.51,94.27,961088.0,0.0,1.0,89.06025550671801,89.706583935155,87.92918075695299,89.60203080702601,961088.0
2016-03-23,95.89,96.44,94.53,94.53,900099.0,0.0,1.0,91.141813239479,91.664578880127,89.849156382605,89.849156382605,900099.0
2016-03-22,95.25,96.69,95.1,96.17,951293.0,0.0,1.0,90.53350413036199,91.90219962587601,90.39093168291201,91.407948474718,951293.0
2016-03-21,95.32,96.23,94.67,96.1,1011611.0,0.0,1.0,90.600037939171,91.46497745369801,89.982224000224,91.34141466590799,1011611.0
2016-03-18,96.48,96.86,94.73,94.75,954818.0,0.0,1.0,91.702598199447,92.063781732985,90.03925297920401,90.05826263886401,954818.0
2016-03-17,95.46,97.08,95.0,96.5,851307.0,0.0,1.0,90.733105556791,92.272887989244,90.29588338461299,91.721607859106,851307.0
2016-03-16,92.14,95.46,92.09,95.25,1053443.0,0.0,1.0,87.577502053244,90.733105556791,87.52997790409401,90.53350413036199,1053443.0
2016-03-15,93.5,93.88,92.25,92.75,864677.0,0.0,1.0,88.870158910119,89.231342443657,87.682055181374,88.15729667287201,864677.0
2016-03-14,94.4,96.76,93.61,94.3,548343.0,0.0,1.0,89.72559359481501,91.968733434685,88.974712038248,89.63054529651501,548343.0
2016-03-11,94.36,95.03,92.9,94.89,809908.0,0.0,1.0,89.687574275495,90.324397874102,88.299869120321,90.191330256483,809908.0
2016-03-10,93.5,93.5,91.5,92.54,651819.0,0.0,1.0,88.870158910119,88.870158910119,86.969192944127,87.95769524644301,651819.0
2016-03-09,91.53,93.48,91.03,92.63,872521.0,0.0,1.0,86.997707433617,88.851149250459,86.52246594211901,88.043238714912,872521.0
2016-03-08,93.51,93.965,90.79,91.1,1015743.0,0.0,1.0,88.879663739949,89.312133497212,86.29435002620001,86.588999750928,1015743.0
2016-03-07,94.42,94.68,93.24,93.84,951538.0,0.0,1.0,89.744603254475,89.991728830054,88.62303333454001,89.193323124337,951538.0
2016-03-04,95.28,95.62,94.33,94.98,1623839.0,0.0,1.0,90.562018619851,90.88518283407,89.659059786005,90.276873724953,1623839.0
2016-03-03,94.42,95.43,93.84,95.33,1160883.0,0.0,1.0,89.744603254475,90.70459106730101,89.193323124337,90.60954276900101,1160883.0
2016-03-02,93.06,94.33,92.44,94.31,804669.0,0.0,1.0,88.45194639760099,89.659059786005,87.86264694814301,89.640050126345,804669.0
2016-03-01,89.01,93.39,88.93,93.37,1178697.0,0.0,1.0,84.602490316467,88.765605781989,84.526451677827,88.74659612232901,1178697.0
2016-02-29,89.44,89.98,87.98,88.18,1337146.0,0.0,1.0,85.011197999155,85.524458809973,83.623492843981,83.81358944058,1337146.0
2016-02-26,89.98,90.61,89.31,89.34,901692.0,0.0,1.0,85.524458809973,86.12326308926,84.88763521136599,84.916149700856,901692.0
2016-02-25,89.2,90.28,89.2,90.04,816110.0,0.0,1.0,84.783082083236,85.809603704872,84.783082083236,85.581487788953,816110.0
2016-02-24,88.0,88.77,87.07,88.51,559349.0,0.0,1.0,83.642502503641,84.374374400548,82.758553329455,84.127248824969,559349.0
2016-02-23,89.33,91.25,88.11,88.64,1146783.0,0.0,1.0,84.906644871026,86.73157219837799,83.747055631771,84.250811612759,1146783.0
2016-02-22,88.19,90.3,88.09,90.1,1462215.0,0.0,1.0,83.82309427041,85.828613364532,83.72804597211099,85.638516767933,1462215.0
2016-02-19,84.76,87.69,84.3,87.32,2733578.0,0.0,1.0,80.562937638734,83.347852778912,80.125715466556,82.996174075204,2733578.0
2016-02-18,83.76,85.98,83.24,85.17,1545362.0,0.0,1.0,79.612454655738,81.722526877989,79.118203504581,80.952635661763,1545362.0
2016-02-17,83.49,85.64,83.45,83.69,1786643.0,0.0,1.0,79.35582425033002,81.399362663771,79.31780493101,79.545920846929,1786643.0
2016-02-16,83.34,83.9989,82.04,82.73,976171.0,0.0,1.0,79.21325180288,79.83952504037599,77.977623924985,78.633457183253,976171.0
2016-02-12,81.73,82.0,80.55,81.01,1348027.0,0.0,1.0,77.682974200257,77.939604605666,76.561404280322,76.9986264525,1348027.0
2016-02-11,81.49,81.89,80.12,80.54,1848556.0,0.0,1.0,77.454858284338,77.835051477536,76.152696597633,76.551899450492,1848556.0
2016-02-10,82.05,84.12,81.58,82.72,1189542.0,0.0,1.0,77.987128754815,79.95462852961701,77.540401752807,78.62395235342301,1189542.0
2016-02-09,82.45,83.47,80.3,81.19,1890585.0,0.0,1.0,78.367321948014,79.33681459066999,76.323783534573,77.169713389439,1890585.0
2016-02-08,87.36,87.85,82.09,83.88,1735609.0,0.0,1.0,83.034193394524,83.499930056192,78.025148074135,79.72651261369799,1735609.0
2016-02-05,91.06,91.23,87.63,87.75,2033213.0,0.0,1.0,86.550980431609,86.71256253871799,83.29082379993301,83.404881757892,2033213.0
2016-02-04,88.65,92.36,88.05,91.05,1471545.0,0.0,1.0,84.26031644258799,87.78660830950301,83.690026652791,86.541475601779,1471545.0
2016-02-03,90.28,90.31,87.15,89.07,1413275.0,0.0,1.0,85.809603704872,85.838118194362,82.834591968095,84.659519295447,1413275.0
2016-02-02,93.4,93.57,88.24,89.88,2581283.0,0.0,1.0,88.775110611819,88.936692718928,83.87061841955999,85.429410511673,2581283.0
2016-02-01,95.77,96.45,92.84,92.97,2072075.0,0.0,1.0,91.02775528151899,91.674083709957,88.242840141341,88.366402929131,2072075.0
2016-01-29,94.74,97.395,92.88,96.61,3596983.0,0.0,1.0,90.048757809034,92.572290128888,88.28085946066099,91.82616098723601,3596983.0
2016-01-28,105.0,105.24,92.0,93.42,3049506.0,0.0,1.0,99.80071321457199,100.02882913049,87.444434435625,88.794120271479,3049506.0
2016-01-27,102.71,102.71,100.815,101.67,896791.0,0.0,1.0,97.62410718351101,97.62410718351101,95.822941930734,96.635604881195,896791.0
2016-01-26,101.87,103.18,101.87,103.18,1089497.0,0.0,1.0,96.825701477795,98.070834185519,96.825701477795,98.070834185519,1089497.0
2016-01-25,102.29,103.81,101.28,101.66,1047846.0,0.0,1.0,97.224904330653,98.669638464807,96.26491651782699,96.626100051365,1047846.0
2016-01-22,98.16,102.99,98.16,102.11,1570781.0,0.0,1.0,93.29940961088002,97.89024241875,93.29940961088002,97.05381739371401,1570781.0
2016-01-21,97.12,99.0,96.07,96.75,954784.0,0.0,1.0,92.310907308564,94.097815316596,91.312900176418,91.959228604855,954784.0
2016-01-20,98.95,99.23,94.21799999999999,96.63,1340191.0,0.0,1.0,94.050291167446,94.316426402685,89.55260569191,91.845170646896,1340191.0
2016-01-19,101.24,101.24,99.56,100.06,786843.0,0.0,1.0,96.226897198507,96.226897198507,94.630085787074,95.105327278572,786843.0
2016-01-15,100.47,100.51,98.56,100.14,1120661.0,0.0,1.0,95.4950253016,95.53304462092,93.679602804078,95.181365917212,1120661.0
2016-01-14,102.3,102.68299999999999,101.16,101.82,838637.0,0.0,1.0,97.234409160483,97.59844414297,96.150858559867,96.778177328645,838637.0
2016-01-13,103.2,103.5,101.77,102.15,863269.0,0.0,1.0,98.089843845179,98.374988740078,96.730653179495,97.091836713033,863269.0
2016-01-12,105.18,105.42,102.5,102.97,886900.0,0.0,1.0,99.971800151511,100.19991606743,97.424505757082,97.87123275909,886900.0
2016-01-11,104.71,106.02,104.41,104.71,882392.0,0.0,1.0,99.525073149503,100.77020585723,99.239928254604,99.525073149503,882392.0
2016-01-08,106.74,107.34,104.09,104.27,786842.0,0.0,1.0,101.45455360498,102.02484339478,98.935773700046,99.10686063698499,786842.0
2016-01-07,108.02,108.34,106.21,106.39,993175.0,0.0,1.0,102.67117182321999,102.97532637778,100.95079762399999,101.12188456094,993175.0
2016-01-06,109.87,110.21,108.455,109.25,1133163.0,0.0,1.0,104.42956534176001,104.75272955598,103.08463192081999,103.8402658923,1133163.0
2016-01-05,110.5,111.14,109.8,110.92,502014.0,0.0,1.0,105.02836962104999,105.63667873017,104.36303153295,105.42757247390999,502014.0
2016-01-04,111.81,111.81,109.19,110.08,479220.0,0.0,1.0,106.27350232877,106.27350232877,103.78323691331998,104.62916676819,479220.0
2015-12-31,113.95,113.97,112.39,112.98,476148.0,0.0,1.0,108.30753591239001,108.32654557205,106.82478245891,107.38556741888,476148.0
2015-12-30,113.25,114.48,112.05,114.03,431292.0,0.72,1.0,107.64219782429001,108.81129189337,106.50161824469,108.38357455101999,431292.0
2015-12-29,114.1,114.725,113.45,114.07,574395.0,0.0,1.0,107.76963709169,108.35996157182,107.15569963236,107.74130151665001,574395.0
2015-12-28,112.78,113.63,112.25,113.45,255910.0,0.0,1.0,106.52287178966999,107.32571308264,106.02227663052,107.15569963236,255910.0
2015-12-24,113.0,114.2,112.24,113.05,320817.0,0.0,1.0,106.73066600666999,107.86408900850999,106.01283143884001,106.77789196508002,320817.0
2015-12-23,110.95,113.29,110.95,113.12,789288.0,0.0,1.0,104.79440171185999,107.00457656545,104.79440171185999,106.84400830685999,789288.0
2015-12-22,110.61,111.175,109.96,110.44,643803.0,0.0,1.0,104.47326519466999,105.00691852471,103.85932773534,104.31269693608,643803.0
2015-12-21,111.39,111.86,109.36,110.0,632919.0,0.0,1.0,105.20999014587,105.65391415493,103.29261623442,103.89710850206998,632919.0
2015-12-18,112.04,112.75,110.14,110.22,1013554.0,0.0,1.0,105.8239276052,106.49453621462,104.02934118562,104.10490271908002,1013554.0
2015-12-17,114.5,114.9,112.3,112.75,780968.0,0.0,1.0,108.14744475897,108.52525242626,106.06950258892999,106.49453621462,780968.0
2015-12-16,113.22,114.54,112.28,114.31,551412.0,0.0,1.0,106.93846022368,108.18522552569999,106.05061220556999,107.96798611701999,551412.0
2015-12-15,112.4,113.28,111.86,112.7,599468.0,0.0,1.0,106.16395450575001,106.99513137377,105.65391415493,106.44731025621,599468.0
2015-12-14,111.89,112.19,110.23,111.45,707443.0,0.0,1.0,105.68224972997,105.96560548043001,104.11434791076,105.26666129596,707443.0
2015-12-11,112.26,113.0,111.005,111.87,660726.0,0.0,1.0,106.03172182221,106.73066600666999,104.84635026611,105.66335934661,660726.0
2015-12-10,115.38,115.54,112.83,112.98,783823.0,0.0,1.0,108.97862162698999,109.1297446939,106.57009774808,106.71177562330999,783823.0
2015-12-09,114.3,116.22,113.79,115.12,745129.0,0.0,1.0,107.95854092533001,109.77201772828,107.47683614955,108.73304664326,745129.0
2015-12-08,116.37,117.15,114.71,115.08,953189.0,0.0,1.0,109.91369560350999,110.65042055471001,108.3457937843,108.69526587653,953189.0
2015-12-07,117.47,117.54,115.52,115.98,662087.0,0.0,1.0,110.95266668853,111.0187830303,109.11085431054,109.54533312791,662087.0
2015-12-04,117.19,118.45,116.94,117.82,776874.0,0.0,1.0,110.68820132143,111.87829547337,110.45207152937999,111.2832483974,776874.0
2015-12-03,117.38,117.73,115.52,116.27,664467.0,0.0,1.0,110.86765996338998,111.19824167226001,109.11085431054,109.81924368669,664467.0
2015-12-02,120.22,120.79,117.54,117.72,558131.0,0.0,1.0,113.55009440108,114.08847032696,111.0187830303,111.18879648058001,558131.0
2015-12-01,118.63,120.62,118.63,120.54,458057.0,0.0,1.0,112.04830892363998,113.92790206836,112.04830892363998,113.85234053491001,458057.0
2015-11-30,119.35,119.915,117.95,118.08,646472.0,0.0,1.0,112.72836272475,113.26201605478,111.40603588927,111.52882338113001,646472.0
2015-11-27,118.12,119.61,117.71,118.92,168132.0,0.0,1.0,111.56660414786,112.97393770848,111.1793512889,112.32221948241998,168132.0
2015-11-25,117.77,118.34,117.21,118.29,349074.0,0.0,1.0,111.23602243898998,111.77439836487,110.70709170479999,111.72717240646001,349074.0
2015-11-24,118.37,118.38,116.84,117.56,759623.0,0.0,1.0,111.80273393991001,111.81217913158999,110.35761961256,111.03767341366999,759623.0
2015-11-23,119.21,119.8925,118.35,118.89,497132.0,0.0,1.0,112.59613004120001,113.2407643735,111.78384355655001,112.29388390738,497132.0
2015-11-20,118.82,119.83,118.8,119.31,377916.0,0.0,1.0,112.22776756559999,113.18173192548001,112.20887718223999,112.69058195802,377916.0
2015-11-19,118.24,119.11,117.54,118.38,270281.0,0.0,1.0,111.67994644805,112.50167812437999,111.0187830303,111.81217913158999,270281.0
2015-11-18,117.08,118.04,116.23,117.97,302996.0,0.0,1.0,110.58430421293001,111.49104261441002,109.78146291996,111.42492627263,302996.0
2015-11-17,115.83,117.99,115.24,116.66,500454.0,0.0,1.0,109.40365525268,111.44381665600001,108.84638894344,110.18760616228998,500454.0
2015-11-16,115.07,116.05,114.47,116.05,382133.0,0.0,1.0,108.68582068485,109.61144946969,108.11910918393,109.61144946969,382133.0
2015-11-13,117.05,117.51,115.08,115.21,372300.0,0.0,1.0,110.55596863788999,110.99044745526001,108.69526587653,108.8180533684,372300.0
2015-11-12,116.8,117.0,115.8,115.99,358639.0,0.0,1.0,110.31983884584,110.50874267948,109.37531967764,109.55477831959,358639.0
2015-11-11,117.3,117.715,116.52,117.18,354701.0,0.0,1.0,110.79209842994,111.18407388473999,110.05537347873998,110.67875612975,354701.0
2015-11-10,114.86,117.2,114.6,117.04,473295.0,0.0,1.0,108.48747165953002,110.69764651312,108.24189667579,110.54652344620001,473295.0
2015-11-09,115.7,115.91,113.74,114.75,456661.0,0.0,1.0,109.28086776081999,109.47921678614,107.42961019114,108.38357455101999,456661.0
2015-11-06,119.11,119.11,115.19,116.24,662973.0,0.0,1.0,112.50167812437999,112.50167812437999,108.79916298503001,109.79090811164,662973.0
2015-11-05,119.67,120.71,118.91,120.14,389282.0,0.0,1.0,113.03060885857,114.0129087935,112.31277429074,113.47453286763,389282.0
2015-11-04,120.19,120.59,119.33,119.82,522497.0,0.0,1.0,113.52175882603999,113.89956649332,112.70947234138,113.1722867338,522497.0
2015-11-03,121.43,121.94,119.68,119.92,661695.0,0.0,1.0,114.69296259461001,115.17466737039,113.04005405024999,113.26673865062,661695.0
2015-11-02,118.69,121.89200000000001,118.37,121.8,624799.0,0.0,1.0,112.10498007373998,115.12933045031001,111.80273393991001,115.04243468683998,624799.0
2015-10-30,119.48,119.98,118.58,118.62,733961.0,0.0,1.0,112.85115021661001,113.32340980071001,112.00108296523001,112.03886373196,733961.0
2015-10-29,118.32,119.37,118.15,119.18,444765.0,0.0,1.0,111.7555079815,112.74725310811,111.59493972291,112.56779446614999,444765.0
2015-10-28,118.68,119.51,116.26,118.61,535693.0,0.0,1.0,112.09553488205,112.87948579166,109.80979849501,112.02941854028,535693.0
2015-10-27,118.06,118.87,117.35,118.61,661939.0,0.0,1.0,111.50993299777001,112.27499352401001,110.83932438835,112.02941854028,661939.0
2015-10-26,118.02,118.31,116.83,118.24,770319.0,0.0,1.0,111.47215223103998,111.74606278982,110.34817442088001,111.67994644805,770319.0
2015-10-23,119.28,119.63,117.13,117.68,1202508.0,0.0,1.0,112.66224638297,112.99282809183998,110.63153017133999,111.15101571385,1202508.0
2015-10-22,117.64,120.75,117.64,119.24,1203584.0,0.0,1.0,111.11323494712,114.05068956023001,111.11323494712,112.62446561625,1203584.0
2015-10-21,118.98,119.3,117.26,117.52,584405.0,0.0,1.0,112.37889063251001,112.68113676633999,110.75431766321002,110.99989264693998,584405.0
2015-10-20,118.62,119.59,117.53,118.34,484223.0,0.0,1.0,112.03886373196,112.95504732511999,111.00933783862,111.77439836487,484223.0
2015-10-19,117.26,119.08,117.26,119.0,455903.0,0.0,1.0,110.75431766321002,112.47334254933,110.75431766321002,112.39778101588001,455903.0
2015-10-16,116.8,118.02,116.14,117.61,727053.0,0.0,1.0,110.31983884584,111.47215223103998,109.69645619482,111.08489937208,727053.0
2015-10-15,114.29,116.36,111.43,116.32,556877.0,0.0,1.0,107.94909573365,109.90425041183,105.2477709126,109.8664696451,556877.0
2015-10-14,114.11,114.95,111.73,113.83,672639.0,0.0,1.0,107.77908228338,108.57247838466999,105.53112666306,107.51461691628,672639.0
2015-10-13,114.23,115.0,113.32,113.92,474651.0,0.0,1.0,107.89242458355999,108.61970434308,107.03291214049999,107.59962364142,474651.0
2015-10-12,114.46,115.13,113.52,114.6,515263.0,0.0,1.0,108.10966399225,108.74249183494,107.22181597414,108.24189667579,515263.0
2015-10-09,114.19,114.31,113.065,114.23,372114.0,0.0,1.0,107.85464381683,107.96798611701999,106.79205975261,107.89242458355999,372114.0
2015-10-08,113.77,114.27,112.89,114.2,490715.0,0.0,1.0,107.45794576619,107.93020535029,106.62676889817,107.86408900850999,490715.0
2015-10-07,112.98,113.85,112.59,113.82,643476.0,0.0,1.0,106.71177562330999,107.53350729964001,106.34341314771,107.50517172459999,643476.0
2015-10-06,111.71,112.76,111.12,112.13,315296.0,0.0,1.0,105.51223627969999,106.50398140631,104.95496997046,105.90893433034,315296.0
2015-10-05,109.84,111.81,109.7,111.78,342039.0,0.0,1.0,103.74598543516,105.60668819652001,103.61375275161,105.57835262146999,342039.0
2015-10-02,107.59,109.7,107.23,109.65,438866.0,0.0,1.0,101.62081730671,103.61375275161,101.28079040616,103.5665267932,438866.0
2015-10-01,108.63,108.77,106.95,108.56,447888.0,0.0,1.0,102.60311724163999,102.73534992519001,101.01632503906,102.53700089986,447888.0
2015-09-30,110.18,110.18,107.655,108.16,778379.0,0.0,1.0,104.06712195235,104.06712195235,101.68221105264,102.15919323258001,778379.0
2015-09-29,107.85,109.5,107.33,108.95,573390.0,0.0,1.0,101.86639229044,103.42484891797,101.37524232298,102.90536337546,573390.0
2015-09-28,108.54,108.958,106.98,107.64,610631.0,0.6,1.0,102.5181105165,102.91291952881001,101.04466061410999,101.66804326511999,610631.0
2015-09-25,109.71,110.56,108.87,109.73,426235.0,0.0,1.0,103.04878997243,103.84718092564002,102.25979185397,103.06757564192,426235.0
2015-09-24,110.01,110.66,108.64,109.41,987250.0,0.0,1.0,103.33057501474,103.94110927308,102.04375665486,102.76700493012,987250.0
2015-09-23,109.31,110.79,108.85,110.35,349119.0,0.0,1.0,102.67307658269002,104.06321612475,102.24100618448,103.64993139603001,349119.0
2015-09-22,110.0,110.77,108.93,109.25,637792.0,0.0,1.0,103.32118218,104.04443045525998,102.31614886243,102.61671957423,637792.0
2015-09-21,110.69,111.95,109.85,111.11,956917.0,0.0,1.0,103.96928777730999,105.15278495500999,103.18028965884001,104.36378683653999,956917.0
2015-09-18,109.35,110.9,109.23,110.2,1268607.0,0.0,1.0,102.71064792166,104.16653730693001,102.59793390474,103.50903887487,1268607.0
2015-09-17,108.33,112.53,107.825,110.58,887834.0,0.0,1.0,101.75257877781,105.69756937014,101.27824062326,103.86596659513,887834.0
2015-09-16,106.18,108.43,105.4601,108.26,504568.0,0.0,1.0,99.733119307929,101.84650712525,99.05692913473499,101.68682893461,504568.0
2015-09-15,104.89,106.53,104.11,106.28,660641.0,0.0,1.0,98.521443626,100.06186852396,97.788802515997,99.827047655366,660641.0
2015-09-14,105.38,105.5599,104.34,104.72,347096.0,0.0,1.0,98.98169252843799,99.150669625476,98.0048377151,98.36176543535801,347096.0
2015-09-11,102.69,105.07,102.555,105.05,523982.0,0.0,1.0,96.4550199824,98.690514651386,96.328216713361,98.671728981898,523982.0
2015-09-10,101.87,104.559,101.87,103.04,651717.0,0.0,1.0,95.68480753342199,98.210540795986,95.68480753342199,96.783769198428,651717.0
2015-09-09,103.99,104.525,101.62,101.83,566761.0,0.0,1.0,97.676088499073,98.17860515785802,95.44998666483102,95.647236194448,566761.0
2015-09-08,102.34,102.99,101.43,102.8,419948.0,0.0,1.0,96.12627076637301,96.736805024709,95.271522804702,96.55834116458,419948.0
2015-09-04,102.04,102.46,99.97,100.95,711753.0,0.0,1.0,95.844485724064,96.238984783297,93.90016893213101,94.820666737008,711753.0
2015-09-03,103.17,103.76,102.23,103.16,527390.0,0.0,1.0,96.905876050095,97.460053299969,96.022949584193,96.89648321535101,527390.0
2015-09-02,102.34,103.12,101.51,102.6,499019.0,0.0,1.0,96.12627076637301,96.858911876377,95.346665482651,96.370484469708,499019.0
2015-09-01,102.18,102.96,100.4,101.33,716169.0,0.0,1.0,95.975985410475,96.708626520478,94.304060826108,95.17759445726601,716169.0
2015-08-31,106.33,106.53,103.4,103.51,785446.0,0.0,1.0,99.874011829084,100.06186852396,97.12191124919799,97.225232431378,785446.0
2015-08-28,105.96,106.822,105.275,106.56,596973.0,0.0,1.0,99.526476943569,100.33613929847,98.88306776363001,100.09004702819,596973.0
2015-08-27,105.73,107.3,104.58,106.31,879751.0,0.0,1.0,99.310441744466,100.78511679921999,98.230265748948,99.855226159597,879751.0
2015-08-26,103.72,105.22,102.41,105.01,1077298.0,0.0,1.0,97.422481960995,98.83140717254,96.192020609578,98.63415764292401,1077298.0
2015-08-25,107.37,107.45,101.85,101.89,1106131.0,0.0,1.0,100.85086664241999,100.92600932036999,95.666021863935,95.70359320290899,1106131.0
2015-08-24,107.5,110.31,104.64,105.25,1406745.0,0.0,1.0,100.97297349409,103.61236005705,98.286622757409,98.85958567677099,1406745.0
2015-08-21,113.56,113.88,111.53,111.58,649964.0,0.0,1.0,106.66503134873001,106.96560206053002,104.75828589577,104.80525006949,649964.0
2015-08-20,114.83,115.23,113.85,113.98,861750.0,0.0,1.0,107.85792136116999,108.23363475091999,106.93742355629999,107.05953040796999,861750.0
2015-08-19,116.05,116.63799999999999,115.1,116.06,405418.0,0.0,1.0,109.0038471999,109.55614588281999,108.11152789924999,109.01324003464,405418.0
2015-08-18,116.73,116.89,116.06,116.69,407858.0,0.0,1.0,109.64255996247,109.79284531836001,109.01324003464,109.60498862349002,407858.0
2015-08-17,116.1,117.06,115.19,116.97,520237.0,0.0,1.0,109.05081137362,109.95252350901,108.19606341194999,109.86798799631,520237.0
2015-08-14,115.36,116.35,114.42,115.94,668770.0,0.0,1.0,108.35574160259,109.28563224221001,107.47281513669,108.90052601772,668770.0
2015-08-13,114.07,115.8,113.08,115.69,682233.0,0.0,1.0,107.14406592066,108.76902633131,106.21417528104,108.66570514913,682233.0
2015-08-12,113.56,114.89,113.42,114.73,444633.0,0.0,1.0,106.66503134873001,107.91427836964,106.53353166232,107.76399301374,444633.0
2015-08-11,113.09,115.16,113.09,114.49,509026.0,0.0,1.0,106.22356811578001,108.16788490771,106.22356811578001,107.53856497989,509026.0
2015-08-10,114.27,114.44,113.23,113.7,570698.0,0.0,1.0,107.33192261553002,107.49160080616998,106.35506780218999,106.79653103514,570698.0
2015-08-07,113.51,114.57,112.7,113.62,479711.0,0.0,1.0,106.61806717501,107.61370765784001,105.85724756078001,106.72138835719,479711.0
2015-08-06,113.43,114.03,112.0,113.81,472863.0,0.0,1.0,106.54292449706999,107.10649458168001,105.19974912873,106.89985221732,472863.0
2015-08-05,115.07,115.26,113.21,113.85,533194.0,0.0,1.0,108.08334939502,108.26181325514999,106.33628213271,106.93742355629999,533194.0
2015-08-04,115.37,116.31,113.09,114.72,511829.0,0.0,1.0,108.36513443733,109.24806090323,106.22356811578001,107.75460017899,511829.0
2015-08-03,115.14,115.88,114.69,115.66,445850.0,0.0,1.0,108.14909923823,108.84416900926,107.72642167476,108.63752664489999,445850.0
2015-07-31,114.55,115.99,113.49,115.14,819803.0,0.0,1.0,107.59492198835,108.94749019144001,106.59928150553002,108.14909923823,819803.0
2015-07-30,114.25,114.95,113.81,114.21,582800.0,0.0,1.0,107.31313694604,107.9706353781,106.89985221732,107.27556560706999,582800.0
2015-07-29,113.56,114.72,112.79,114.61,698592.0,0.0,1.0,106.66503134873001,107.75460017899,105.94178307347,107.65127899680999,698592.0
2015-07-28,113.4,114.11,112.91,113.67,474801.0,0.0,1.0,106.51474599283002,107.18163725963001,106.0544970904,106.76835253091,474801.0
2015-07-27,113.53,114.1,112.92,113.29,717415.0,0.0,1.0,106.63685284450001,107.17224442489,106.06388992514,106.41142481065,717415.0
2015-07-24,112.74,113.97,112.13,113.2,624746.0,0.0,1.0,105.89481889975,107.05013757321998,105.32185598039,106.32688929796,624746.0
2015-07-23,114.62,115.2,111.92,112.74,792953.0,0.0,1.0,107.66067183156,108.20545624669,105.12460645078,105.89481889975,792953.0
2015-07-22,114.46,115.42,114.0601,114.82,406888.0,0.0,1.0,107.51038647566,108.41209861105,107.13476701426,107.84852852643,406888.0
2015-07-21,114.54,115.215,113.95,114.58,549142.0,0.0,1.0,107.58552915361,108.21954549879999,107.03135190373001,107.62310049258001,549142.0
2015-07-20,114.3,114.99,113.76,114.67,450759.0,0.0,1.0,107.36010111976,108.00820671706998,106.85288804361,107.70763600528,450759.0
2015-07-17,114.94,115.34,114.155,114.52,377096.0,0.0,1.0,107.96124254335,108.3369559331,107.22390501598,107.56674348411998,377096.0
2015-07-16,115.08,115.53,114.73,115.22,632983.0,0.0,1.0,108.09274222977,108.51541979323,107.76399301374,108.22424191618,632983.0
2015-07-15,113.93,114.59,113.45,114.4,377550.0,0.0,1.0,107.01256623424999,107.63249332733,106.56171016655,107.45402946719999,377550.0
2015-07-14,114.21,114.96,112.62,114.4,668479.0,0.0,1.0,107.27556560706999,107.98002821284,105.78210488283001,107.45402946719999,668479.0
2015-07-13,113.98,116.04,113.36,114.26,730123.0,0.0,1.0,107.05953040796999,108.99445436514999,106.47717465385999,107.32252978079,730123.0
2015-07-10,114.65,115.59,114.23,114.93,366833.0,0.0,1.0,107.68885033579001,108.57177680169,107.29435127656001,107.95184970861,366833.0
2015-07-09,114.75,115.04,113.53,113.93,583055.0,0.0,1.0,107.78277868323,108.05517089079001,106.63685284450001,107.01256623424999,583055.0
2015-07-08,114.35,115.27,113.93,114.1,605159.0,0.0,1.0,107.40706529348,108.27120608989,107.01256623424999,107.17224442489,605159.0
2015-07-07,114.0,115.49,112.47,114.96,601809.0,0.0,1.0,107.07831607745001,108.47784845425,105.64121236168002,107.98002821284,601809.0
2015-07-06,112.33,113.85,111.05,113.56,643209.0,0.0,1.0,105.50971267527001,106.93742355629999,104.30742982808,106.66503134873001,643209.0
2015-07-02,112.63,114.03,112.54,112.74,846255.0,0.0,1.0,105.79149771757,107.10649458168001,105.70696220488001,105.89481889975,846255.0
2015-07-01,110.62,111.96,109.5807,111.96,1021425.0,0.0,1.0,103.9035379341,105.16217778975,102.9273406192,105.16217778975,1021425.0
2015-06-30,110.72,111.26,109.45,109.89,785340.0,0.0,1.0,103.99746628154,104.5046793577,102.8045762691,103.21786099782,785340.0
2015-06-29,112.35,112.59,109.96,110.03,701593.0,0.0,1.0,105.52849834475,105.7539263786,103.28361084101999,103.34936068423,701593.0
2015-06-26,111.59,112.67,111.18,111.72,1145506.0,0.6,1.0,104.81464290424,105.82906905655001,104.42953667975,104.9367497559,1145506.0
2015-06-25,113.06,113.56,112.13,112.14,743009.0,0.0,1.0,105.62810654739,106.0952395146,104.75923922836,104.76858188771,743009.0
2015-06-24,114.01,114.58,113.44,113.51,549789.0,0.0,1.0,106.5156591851,107.04819076773,105.98312760246999,106.04852621788,549789.0
2015-06-23,114.25,115.66,113.63,113.83,798775.0,0.0,1.0,106.73988300937,108.05719797692,106.16063813001999,106.3474913169,798775.0
2015-06-22,115.32,116.18,114.25,114.37,632220.0,0.0,1.0,107.73954755921,108.54301626283001,106.73988300937,106.8519949215,632220.0
2015-06-19,116.18,116.35,115.0,115.36,964449.0,0.0,1.0,108.54301626283001,108.70184147168001,107.44058246019002,107.77691819659,964449.0
2015-06-18,116.0,117.66,115.13,116.53,961016.0,0.0,1.0,108.37484839463,109.92572984579,107.56203703167,108.87000933988001,961016.0
2015-06-17,115.01,115.83,114.21,115.63,667448.0,0.0,1.0,107.44992511954,108.21602318578002,106.70251237199,108.02916999889,667448.0
2015-06-16,114.19,115.14399999999999,113.96,114.99,703091.0,0.0,1.0,106.68382705329999,107.57511675475,106.46894588838,107.43123980085,703091.0
2015-06-15,114.54,114.99,112.9,114.13,1411314.0,0.0,1.0,107.01082013035,107.43123980085,105.47862399788,106.62777109723,1411314.0
2015-06-12,115.98,116.6,114.79,114.94,592012.0,0.0,1.0,108.35616307594,108.93540795528999,107.24438661396,107.38452650413001,592012.0
2015-06-11,115.89,116.37,115.21,115.9,574554.0,0.0,1.0,108.27207914184,108.72052679036999,107.63677830643,108.28142180118999,574554.0
2015-06-10,114.75,116.07,113.99,115.04,692406.0,0.0,1.0,107.20701597658001,108.44024701004,106.49697386640999,107.47795309757,692406.0
2015-06-09,115.41,115.71,114.33,114.57,593110.0,0.0,1.0,107.82363149330999,108.10391127364001,106.81462428411999,107.03884810839001,593110.0
2015-06-08,116.27,116.54,115.37,115.41,517847.0,0.0,1.0,108.62710019693,108.87935199923,107.78626085593001,107.82363149330999,517847.0
2015-06-05,116.78,116.92,115.62,116.27,737836.0,0.0,1.0,109.10357582349,109.23437305431,108.01982733954,108.62710019693,737836.0
2015-06-04,118.41,118.92,117.41,117.63,752333.0,0.0,1.0,110.62642929661999,111.10290492318,109.69216336219,109.89770186775999,752333.0
2015-06-03,119.55,120.75,118.3,118.82,713867.0,0.0,1.0,111.69149246188,112.8126115832,110.52366004383002,111.00947832973999,713867.0
2015-06-02,120.24,120.29,118.92,119.76,436694.0,0.0,1.0,112.33613595663999,112.38284925336,111.10290492318,111.88768830811001,436694.0
2015-06-01,118.81,121.17,118.26,121.0,731814.0,0.0,1.0,111.00013567040001,113.20500327567,110.48628940646002,113.04617806681001,731814.0
2015-05-29,120.09,120.48,118.43,118.66,980542.0,0.0,1.0,112.19599606648,112.56035978091002,110.64511461531,110.85999578023001,980542.0
2015-05-28,120.11,121.115,119.13,119.94,521876.0,0.0,1.0,112.21468138516,113.15361864927,111.29910076942,112.05585617631,521876.0
2015-05-27,119.07,120.65,118.97,120.48,420786.0,0.0,1.0,111.24304481335,112.71918498976002,111.14961821991001,112.56035978091002,420786.0
2015-05-26,119.09,119.485,118.36,119.18,606506.0,0.0,1.0,111.26173013203999,111.63076517613999,110.5797159999,111.34581406613998,606506.0
2015-05-22,119.29,120.46,118.65,119.21,713568.0,0.0,1.0,111.44858331892999,112.54167446222,110.85065312088999,111.37384204417,713568.0
2015-05-21,120.73,121.14,118.85,119.29,681972.0,0.0,1.0,112.79392626451,113.17697529763001,111.03750630777,111.44858331892999,681972.0
2015-05-20,120.39,121.37,120.0,120.61,968815.0,0.0,1.0,112.47627584681001,113.39185646255,112.11191213238001,112.68181435238,968815.0
2015-05-19,121.7,121.81,120.2,120.37,903789.0,0.0,1.0,113.70016422091999,113.80293347371,112.29876531926,112.45759052812001,903789.0
2015-05-18,122.87,123.69,121.75,121.87,915939.0,0.0,1.0,114.79325536421001,115.55935343045,113.74687751764,113.85898942976999,915939.0
2015-05-15,122.72,124.68,122.72,123.72,1006091.0,0.0,1.0,114.65311547403999,116.48427670553998,114.65311547403999,115.58738140848,1006091.0
2015-05-14,121.01,122.87,120.73,122.79,448966.0,0.0,1.0,113.05552072616001,114.79325536421001,112.79392626451,114.71851408945,448966.0
2015-05-13,122.03,122.9,119.84,120.27,580163.0,0.0,1.0,114.00847197928002,114.82128334224,111.96242958286999,112.36416393466999,580163.0
2015-05-12,120.29,122.18,119.56,121.53,487039.0,0.0,1.0,112.38284925336,114.14861186945,111.70083512122,113.54133901206,487039.0
2015-05-11,122.47,123.59,120.67,121.13,455997.0,0.0,1.0,114.41954899043002,115.46592683700001,112.73787030845,113.16763263828999,455997.0
2015-05-08,122.51,124.955,122.39,123.01,528961.0,0.0,1.0,114.45691962781,116.74119983751001,114.34480771568,114.92405259503,528961.0
2015-05-07,119.51,121.73,118.99,121.16,547016.0,0.0,1.0,111.65412182450001,113.72819219895,111.16830353859,113.19566061632,547016.0
2015-05-06,120.0,120.65,118.56,119.33,600537.0,0.0,1.0,112.11191213238001,112.71918498976002,110.76656918679,111.4859539563,600537.0
2015-05-05,123.08,123.67,119.82,120.19,667159.0,0.0,1.0,114.98945121043998,115.54066811176001,111.94374426418001,112.28942265991999,667159.0
2015-05-04,123.17,124.35,123.14,123.65,529107.0,0.0,1.0,115.07353514453999,116.17596894716999,115.04550716651,115.52198279307,529107.0
2015-05-01,122.78,124.31,122.525,122.72,671334.0,0.0,1.0,114.70917143011002,116.13859830979999,114.47093361683001,114.65311547403999,671334.0
2015-04-30,123.61,124.07799999999999,121.58,122.36,799000.0,0.0,1.0,115.48461215568999,115.92184861301,113.58805230879,114.31677973765,799000.0
2015-04-29,126.77,127.54,123.76,124.06,645860.0,0.0,1.0,118.43689250851001,119.15627727803002,115.62475204586,115.90503182619,645860.0
2015-04-28,128.5,128.5,127.16,127.75,503861.0,0.0,1.0,120.05317257508999,120.05317257508999,118.80125622293998,119.35247312426,503861.0
2015-04-27,129.24,130.24,128.56,129.15,581773.0,0.0,1.0,120.74452936656999,121.67879530101001,120.10922853115,120.66044543247,581773.0
2015-04-24,127.33,129.18,126.73,128.82,829256.0,0.0,1.0,118.9600814318,120.6884734105,118.39952187113,120.35213767411001,829256.0
2015-04-23,128.51,129.44,126.13,127.35,794391.0,0.0,1.0,120.06251523443001,120.93138255346001,117.83896231047,118.97876675048,794391.0
2015-04-22,128.09,129.48,127.62,128.51,828374.0,0.0,1.0,119.67012354196999,120.96875319083,119.23101855278,120.06251523443001,828374.0
2015-04-21,127.43,128.68,127.43,128.12,555708.0,0.0,1.0,119.05350802523998,120.22134044328001,119.05350802523998,119.69815152,555708.0
2015-04-20,126.75,127.78,126.398,127.03,560407.0,0.0,1.0,118.41820718982001,119.38050110228998,118.0893455809,118.67980165146002,560407.0
2015-04-17,127.55,127.81,125.6,126.68,549858.0,0.0,1.0,119.16561993737,119.40852908032,117.34380136521999,118.35280857441002,549858.0
2015-04-16,126.5,128.21,126.23,127.74,321619.0,0.0,1.0,118.18464070621,119.7822354541,117.93238890391001,119.34313046491,321619.0
2015-04-15,128.39,129.89,126.78,126.87,517524.0,0.0,1.0,119.95040332229999,121.35180222395,118.44623516786001,118.53031910195,517524.0
2015-04-14,127.7,129.08,127.7,128.32,492503.0,0.0,1.0,119.30575982754,120.59504681706001,119.30575982754,119.88500470688999,492503.0
2015-04-13,127.37,128.27,127.37,127.54,492355.0,0.0,1.0,118.99745206917,119.83829141017,118.99745206917,119.15627727803002,492355.0
2015-04-10,128.2,128.94,127.3,127.85,378646.0,0.0,1.0,119.77289279475,120.46424958623999,118.93205345376002,119.4458997177,378646.0
2015-04-09,129.72,130.02,127.0,127.1,587707.0,0.0,1.0,121.1929770151,121.47325679543002,118.65177367343,118.74520026687,587707.0
2015-04-08,129.45,130.45,129.45,130.01,470175.0,0.0,1.0,120.9407252128,121.87499114724,120.9407252128,121.46391413607999,470175.0
2015-04-07,131.4,131.57,129.43,129.48,617453.0,0.0,1.0,122.76254378495001,122.92136899381,120.92203989411001,120.96875319083,617453.0
2015-04-06,130.33,131.99,129.49,131.64,563967.0,0.0,1.0,121.7628792351,123.31376068626999,120.97809585018,122.98676760922,563967.0
2015-04-02,127.72,130.09,127.72,129.88,514622.0,0.0,1.0,119.32444514623,121.53865541084,119.32444514623,121.34245956461001,514622.0
2015-04-01,128.65,128.73,127.0,127.95,594149.0,0.0,1.0,120.19331246525,120.26805374001002,118.65177367343,119.53932631114999,594149.0
2015-03-31,129.16,129.94,128.15,128.38,897696.0,0.0,1.0,120.66978809181002,121.39851552066999,119.72617949803002,119.94106066295,897696.0
2015-03-30,128.25,129.76,127.52,129.55,601833.0,0.0,1.0,119.81960609148001,121.23034765248,119.13759195933999,121.03415180623999,601833.0
2015-03-27,127.85,128.55,127.18,127.74,576442.0,0.6,1.0,119.4458997177,120.09988587181002,118.81994154163,119.34313046491,576442.0
2015-03-26,129.03,129.14,126.86,128.28,858898.0,0.0,1.0,119.9847601986,120.08704899671999,117.96688118107001,119.28733657503,858898.0
2015-03-25,131.83,132.1,128.71,129.28,693739.0,0.0,1.0,122.58847505991999,122.83954756440001,119.68719278587,120.21723473978999,693739.0
2015-03-24,133.1,134.02,131.24,131.63,1044264.0,0.0,1.0,123.76944572916,124.62495204073,122.03983514271002,122.40249542696002,1044264.0
2015-03-23,133.18,135.09,132.87,133.42,1072966.0,0.0,1.0,123.84383758233999,125.61994307702,123.55556915126002,124.06701314188,1072966.0
